"","Sample_ID","Date_Time","Altitude","GPS_acc","Site","Collected","Species","Easting","Northing","optional"
"1","Cleared0001",2016-06-04 15:15:00,538.9,2.9,"9A1","yes","moose",570345.383446107,4847943.0023324,TRUE
"2","Cleared0002",2016-06-04 15:28:00,557.4,1.2,"9A1","yes","moose",570321.828961536,4847887.21545959,TRUE
"3","Cleared0003",2016-06-04 15:33:00,552.8,1.1,"9A1","yes","moose",570313.313221955,4847931.55617503,TRUE
"4","Cleared0004",2016-06-04 15:37:00,547.5,1.3,"9A1","yes","moose",570313.430426124,4847920.44976532,TRUE
"5","Cleared0005",2016-06-04 15:47:00,538.2,1.2,"9A1","yes","moose",570296.985125588,4847953.59917955,TRUE
"6","Cleared0006",2016-06-04 15:52:00,538.8,1.2,"9A1","yes","moose",570297.102303357,4847942.49276949,TRUE
"7","Cleared0007",2016-06-04 16:00:00,541,1.1,"9A1","yes","moose",570329.289731819,4847942.83243922,TRUE
"8","Cleared0008",2016-06-04 17:11:00,536.7,1.2,"9A1","yes","moose",570046.131816587,4848084.24894246,TRUE
"9","Cleared0009",2016-06-04 17:17:00,547.5,1.2,"9A1","yes","moose",570029.921713953,4848095.18618031,TRUE
"10","Cleared0010",2016-06-04 17:24:00,530,0.9,"9A1","yes","moose",569981.991671748,4848061.35965523,TRUE
"11","Cleared0011",2016-06-04 17:24:00,530.8,0.9,"9A1","yes","moose",569981.875014821,4848072.46606688,TRUE
"12","Cleared0012",2016-06-04 18:10:00,585,1.4,"9A1","yes","moose",569762.381340306,4847514.78301241,TRUE
"13","Cleared0013",2016-06-07 13:23:00,494.9,1.5,"10A2","yes","moose",574193.10401365,4870156.29092131,TRUE
"14","Cleared0014",2016-06-15 08:34:00,543.5,0.9,"12B2","no","moose",584257.968548405,4943975.78081397,TRUE
"15","Cleared0015",2016-06-15 08:41:00,541,0.9,"12B2","no","moose",584257.823782466,4943986.88887841,TRUE
"16","Cleared0016",2016-06-15 08:45:00,545,1.4,"12B2","no","moose",584250.038373896,4943975.67746887,TRUE
"17","Cleared0017",2016-06-15 08:51:00,546.3,0.9,"12B2","no","moose",584257.534249812,4944009.10500786,TRUE
"18","Cleared0018",2016-06-15 09:05:00,547,1,"12B2","no","moose",584138.726807855,4943996.44778786,TRUE
"19","Cleared0019",2016-06-15 09:12:00,535.4,1.2,"12B2","no","moose",584130.073916059,4944051.88491425,TRUE
"20","Cleared0020",2016-06-15 09:13:00,538.6,1,"12B2","no","moose",584122.143837005,4944051.78172478,TRUE
"21","Cleared0021",2016-06-15 09:19:00,548.6,1,"12B2","no","moose",584106.283678907,4944051.57537502,TRUE
"22","Cleared0022",2016-06-15 09:25:00,547.4,1,"12B2","no","moose",584065.766635868,4944117.70806755,TRUE
"23","Cleared0023",2016-06-15 09:28:00,548.6,1.8,"12B2","no","moose",584073.696633126,4944117.81118895,TRUE
"24","Cleared0024",2016-06-15 09:30:00,550,1.1,"12B2","no","moose",584073.841088708,4944106.70312236,TRUE
"25","Cleared0025",2016-06-15 09:33:00,552.7,1.4,"12B2","no","moose",584073.841088708,4944106.70312236,TRUE
"26","Cleared0026",2016-06-15 09:37:00,524.6,2.4,"12B2","no","moose",584065.622193656,4944128.81613433,TRUE
"27","Cleared0027",2016-06-15 09:41:00,546,1.5,"12B2","no","moose",584058.269922819,4944084.28075672,TRUE
"28","Cleared0028",2016-06-15 09:48:00,561.2,0.9,"12B2","no","moose",584002.615323526,4944094.66731373,TRUE
"29","Cleared0029",2016-06-15 09:50:00,564.6,1.1,"12B2","no","moose",583994.685299044,4944094.56427991,TRUE
"30","Cleared0030",2016-06-15 09:57:00,563.7,0.9,"12B2","no","moose",583978.825250088,4944094.35824145,TRUE
"31","Cleared0031",2016-06-15 09:59:00,569.9,0.9,"12B2","no","moose",583962.965201148,4944094.15224191,TRUE
"32","Cleared0032",2016-06-15 10:03:00,558.9,1.9,"12B2","no","moose",583946.960914951,4944105.0543476,TRUE
"33","Cleared0033",2016-06-15 10:11:00,563.5,1.1,"12B2","no","moose",583867.084400305,4944148.45739515,TRUE
"34","Cleared0034",2016-06-15 10:18:00,572.3,1.4,"12B2","no","moose",583859.442620539,4944126.13839285,TRUE
"35","Cleared0035",2016-06-15 10:21:00,571.3,1.4,"12B2","no","moose",583851.080412737,4944159.35973518,TRUE
"36","Cleared0036",2016-06-15 10:24:00,568.7,3.1,"12B2","no","moose",583827.434618942,4944147.9431502,TRUE
"37","Cleared0037",2016-06-15 10:25:00,568.2,1.4,"12B2","no","moose",583835.364575207,4944148.04597973,TRUE
"38","Cleared0038",2016-06-15 10:32:00,559.6,1.4,"12B2","no","moose",583779.423023584,4944180.65057935,TRUE
"39","Cleared0039",2016-06-15 10:46:00,577.8,1.1,"12B2","no","moose",583685.414346986,4944090.55354966,TRUE
"40","Cleared0040",2016-06-15 12:02:00,527.4,1.2,"12B2","no","moose",583933.696542429,4943293.85713524,TRUE
"41","Cleared0041",2016-06-15 12:11:00,524.7,1.3,"12B2","no","moose",584075.299252091,4943384.57607774,TRUE
"42","Cleared0042",2016-06-15 12:16:00,528.2,1.3,"12B2","no","moose",584075.299252091,4943384.57607774,TRUE
"43","Cleared0043",2016-06-15 12:16:00,528.6,1.4,"12B2","no","moose",584083.230148778,4943384.67919881,TRUE
"44","Cleared0044",2016-06-15 12:23:00,532.8,1.3,"12B2","no","moose",584099.091942163,4943384.88547012,TRUE
"45","Cleared0045",2016-06-15 12:23:00,532.8,1.3,"12B2","no","moose",584099.091942163,4943384.88547012,TRUE
"46","Cleared0046",2016-06-15 12:24:00,532.9,1,"12B2","no","moose",584099.091942163,4943384.88547012,TRUE
"47","Cleared0047",2016-06-15 12:28:00,529.6,1,"12B2","no","moose",584106.87835915,4943396.09667472,TRUE
"48","Cleared0048",2016-06-15 12:30:00,529.3,1,"12B2","no","moose",584091.161045469,4943384.7823296,TRUE
"49","Cleared0049",2016-06-15 12:36:00,526,1,"12B2","no","moose",584122.740125304,4943396.30300442,TRUE
"50","Cleared0050",2016-06-15 12:52:00,519.4,1,"12B2","no","moose",584343.355953562,4943510.2762619,TRUE
"51","Cleared0051",2016-06-15 12:53:00,519.1,1,"12B2","no","moose",584343.355953562,4943510.2762619,TRUE
"52","Cleared0052",2016-06-15 12:55:00,517.9,1,"12B2","no","moose",584335.57008413,4943499.06476334,TRUE
"53","Cleared0053",2016-06-15 12:57:00,517.9,1,"12B2","no","moose",584358.927609896,4943532.69928881,TRUE
"54","Cleared0054",2016-06-15 12:59:00,520.4,1.1,"12B2","no","moose",584367.148194311,4943510.58664684,TRUE
"55","Cleared0055",2016-06-15 13:04:00,527.4,1.3,"12B2","no","moose",584398.871182029,4943511.00062964,TRUE
"56","Cleared0056",2016-06-15 13:08:00,529.1,1.1,"12B2","no","moose",584430.884251554,4943489.19865543,TRUE
"57","Cleared0057",2016-06-15 13:08:00,528.6,1.1,"12B2","no","moose",584430.739210809,4943500.30671168,TRUE
"58","Cleared0058",2016-06-15 13:10:00,526.6,3,"12B2","no","moose",584430.884251554,4943489.19865543,TRUE
"59","Cleared0059",2016-06-15 13:13:00,523.9,2.8,"12B2","no","moose",584430.304087019,4943533.63088155,TRUE
"60","Cleared0060",2016-06-15 13:18:00,527.6,1.1,"12B2","no","moose",584438.234806718,4943533.7344405,TRUE
"61","Cleared0061",2016-06-15 13:22:00,527.2,1,"12B2","no","moose",584438.524916757,4943511.51832705,TRUE
"62","Cleared0062",2016-06-15 13:23:00,529.5,1,"12B2","no","moose",584438.669971389,4943500.41027061,TRUE
"63","Cleared0063",2016-06-15 13:23:00,530.7,1,"12B2","no","moose",584446.455663714,4943511.62189572,TRUE
"64","Cleared0064",2016-06-15 13:27:00,516.9,1,"12B2","no","moose",584446.455663714,4943511.62189572,TRUE
"65","Cleared0065",2016-06-15 13:32:00,522.8,0.9,"12B2","no","moose",584446.455663714,4943511.62189572,TRUE
"66","Cleared0066",2016-06-15 13:41:00,532.2,1,"12B2","no","moose",584454.531492559,4943500.61741767,TRUE
"67","Cleared0067",2016-06-15 13:42:00,531.8,1.1,"12B2","no","moose",584446.745799972,4943489.40578302,TRUE
"68","Cleared0068",2016-06-15 13:49:00,527.9,1.1,"12B2","no","moose",584494.040145529,4943512.24351206,TRUE
"69","Cleared0069",2016-06-15 13:49:00,527.2,1.1,"12B2","no","moose",584494.040145529,4943512.24351206,TRUE
"70","Cleared0070",2016-06-15 13:55:00,522.3,1.1,"12B2","no","moose",584509.611284167,4943534.66690888,TRUE
"71","Cleared0071",2016-06-15 13:58:00,522.9,1.2,"12B2","no","moose",584525.182312764,4943557.09034541,TRUE
"72","Cleared0072",2016-06-15 14:04:00,526.1,1.8,"12B2","no","moose",584477.598157917,4943556.46849545,TRUE
"73","Cleared0073",2016-06-15 14:07:00,523.3,1.2,"12B2","no","moose",584493.604693909,4943545.56768262,TRUE
"74","Cleared0074",2016-06-15 14:10:00,518.3,1.2,"12B2","no","moose",584493.459542851,4943556.67573985,TRUE
"75","Cleared0075",2016-06-15 14:11:00,534.4,1.2,"12B2","no","moose",584484.948298069,4943601.00434357,TRUE
"76","Cleared0076",2016-06-15 14:13:00,537.2,1.2,"12B2","no","moose",584501.535400009,4943545.67131941,TRUE
"77","Cleared0077",2016-06-15 14:22:00,519.4,1.7,"12B2","no","moose",584524.746694507,4943590.41451829,TRUE
"78","Cleared0078",2016-06-15 14:26:00,521.1,1.5,"12B2","no","moose",584524.456281041,4943612.63063449,TRUE
"79","Cleared0079",2016-06-15 14:26:00,520,1.5,"12B2","no","moose",584532.241684643,4943623.84236862,TRUE
"80","Cleared0080",2016-06-15 14:30:00,532,1,"12B2","no","moose",584548.248154104,4943612.94169089,TRUE
"81","Cleared0081",2016-06-15 14:37:00,526.6,1.3,"12B2","no","moose",584547.957657837,4943635.15780788,TRUE
"82","Cleared0082",2016-06-15 14:38:00,526,1.3,"12B2","no","moose",584547.957657837,4943635.15780788,TRUE
"83","Cleared0083",2016-06-15 14:38:00,525.6,1.3,"12B2","no","moose",584540.027060734,4943635.05411267,TRUE
"84","Cleared0084",2016-06-15 14:50:00,210.7,2.6,"12B2","no","moose",582768.12310187,4943256.61381984,TRUE
"85","Cleared0085",2016-06-15 14:50:00,210.7,2.6,"12B2","no","moose",582768.12310187,4943256.61381984,TRUE
"86","Cleared0086",2016-06-15 14:51:00,210.7,2.6,"12B2","no","moose",582768.12310187,4943256.61381984,TRUE
"87","Cleared0087",2016-06-15 14:55:00,210.7,1.4,"12B2","no","moose",583774.356901258,4943347.34052543,TRUE
"88","Cleared0088",2016-06-15 15:00:00,475.8,1.3,"12B2","no","moose",584619.042289324,4943658.30762039,TRUE
"89","Cleared0089",2016-06-16 08:00:00,568.8,0.9,"12B3","no","moose",582940.258393774,4945914.08612375,TRUE
"90","Cleared0090",2016-06-16 08:08:00,574.1,0.8,"12B3","no","moose",582885.476434335,4945857.83352618,TRUE
"91","Cleared0091",2016-06-16 08:34:00,593.3,0.9,"12B3","no","moose",582611.978256696,4945543.25349327,TRUE
"92","Cleared0092",2016-06-16 08:42:00,602.1,1,"12B3","no","moose",582596.263788124,4945531.94271018,TRUE
"93","Cleared0093",2016-06-16 08:45:00,603,0.8,"12B3","no","moose",582596.405768742,4945520.83462013,TRUE
"94","Cleared0094",2016-06-16 08:49:00,599.8,0.9,"12B3","no","moose",582596.689729218,4945498.61844062,TRUE
"95","Cleared0095",2016-06-16 08:53:00,599.5,0.9,"12B3","no","moose",582596.689729218,4945498.61844062,TRUE
"96","Cleared0096",2016-06-16 08:58:00,596.5,0.9,"12B3","no","moose",582564.692760847,4945520.42935119,TRUE
"97","Cleared0097",2016-06-16 09:03:00,590,0.9,"12B3","no","moose",582557.190244745,4945487.00378936,TRUE
"98","Cleared0098",2016-06-16 09:08:00,593.4,0.9,"12B3","no","moose",582549.54574727,4945464.68632787,TRUE
"99","Cleared0099",2016-06-16 09:13:00,605.1,0.9,"12B3","yes","moose",582549.54574727,4945464.68632787,TRUE
"100","Cleared0100",2016-06-16 09:23:00,589.3,0.9,"12B3","no","moose",582557.615978331,4945453.67952214,TRUE
"101","Cleared0101",2016-06-16 09:25:00,596.9,1.1,"12B3","no","moose",582541.901194259,4945442.36887688,TRUE
"102","Cleared0102",2016-06-16 09:28:00,600.6,1.6,"12B3","no","moose",582526.186355423,4945431.05827074,TRUE
"103","Cleared0103",2016-06-16 09:33:00,599,1.1,"12B3","no","moose",582502.684901712,4945408.53839086,TRUE
"104","Cleared0104",2016-06-16 09:35:00,602.4,1.1,"12B3","no","moose",582494.756513459,4945408.43717583,TRUE
"105","Cleared0105",2016-06-16 09:40:00,602.9,1.1,"12B3","no","moose",582487.111698951,4945386.11979492,TRUE
"106","Cleared0106",2016-06-16 09:40:00,600.3,1.3,"12B3","no","moose",582479.183283443,4945386.01859936,TRUE
"107","Cleared0107",2016-06-16 09:54:00,608,0.9,"12B3","no","moose",582424.534435844,4945318.66198079,TRUE
"108","Cleared0108",2016-06-16 09:57:00,612.4,2.6,"12B3","no","moose",582432.321243305,4945329.87119476,TRUE
"109","Cleared0109",2016-06-16 09:59:00,620.9,0.9,"12B3","no","moose",582393.103689348,4945296.0413959,TRUE
"110","Cleared0110",2016-06-16 10:00:00,619.7,0.9,"12B3","no","moose",582384.750341523,4945329.2645761,TRUE
"111","Cleared0111",2016-06-16 10:05:00,610.1,1.2,"12B3","no","moose",582322.312960194,4945250.69969469,TRUE
"112","Cleared0112",2016-06-16 10:10:00,606,1.4,"12B3","no","moose",582306.314331983,4945261.60580737,TRUE
"113","Cleared0113",2016-06-16 10:11:00,602.4,1.3,"12B3","no","moose",582314.101413274,4945272.81487436,TRUE
"114","Cleared0114",2016-06-16 10:16:00,602.7,1.3,"12B3","no","moose",582298.10285272,4945283.72100686,TRUE
"115","Cleared0115",2016-06-16 10:17:00,603.1,1.3,"12B3","no","moose",582298.10285272,4945283.72100686,TRUE
"116","Cleared0116",2016-06-16 10:23:00,608.2,1.1,"12B3","no","moose",582298.244309792,4945272.61292115,TRUE
"117","Cleared0117",2016-06-16 10:26:00,605.1,1.4,"12B3","no","moose",582306.031390828,4945283.8219786,TRUE
"118","Cleared0118",2016-06-16 10:28:00,611,1.1,"12B3","no","moose",582305.748448664,4945306.03815059,TRUE
"119","Cleared0119",2016-06-16 10:28:00,613.6,1.4,"12B3","no","moose",582305.748448664,4945306.03815059,TRUE
"120","Cleared0120",2016-06-16 10:35:00,600,1.1,"12B3","no","moose",582289.749982775,4945316.94430307,TRUE
"121","Cleared0121",2016-06-16 10:36:00,592.3,1.1,"12B3","no","moose",582281.821485567,4945316.84335077,TRUE
"122","Cleared0122",2016-06-16 10:42:00,591.8,1,"12B3","no","moose",582273.185899897,4945372.28284231,TRUE
"123","Cleared0123",2016-06-16 10:47:00,590.5,1,"12B3","no","moose",582265.25747085,4945372.18190945,TRUE
"124","Cleared0124",2016-06-16 10:49:00,570.5,1.2,"12B3","no","moose",582200.417069564,4945482.45567874,TRUE
"125","Cleared0125",2016-06-16 11:17:00,563.2,1.1,"12B3","no","moose",582183.995398542,4945526.68635581,TRUE
"126","Cleared0126",2016-06-16 11:19:00,562.8,1.1,"12B3","no","moose",582191.923636716,4945526.78719145,TRUE
"127","Cleared0127",2016-06-16 12:03:00,520.9,1.2,"12B3","no","moose",582160.511344118,4946126.32184271,TRUE
"128","Cleared0128",2016-06-16 12:11:00,522.6,0.9,"12B3","no","moose",582216.569271119,4946082.59536313,TRUE
"129","Cleared0129",2016-06-16 12:37:00,527.1,1.1,"12B3","no","moose",582866.343980927,4946113.11640485,TRUE
"130","Cleared0130",2016-06-18 08:32:00,499,0.8,"7B3","no","moose",535717.748954867,4931950.59256315,TRUE
"131","Cleared0131",2016-06-18 08:41:00,495.9,0.9,"7B3","no","moose",535654.072159339,4931972.45874611,TRUE
"132","Cleared0132",2016-06-18 08:51:00,492.4,0.8,"7B3","no","moose",535574.446329492,4932005.34627159,TRUE
"133","Cleared0133",2016-06-18 08:54:00,491.1,0.9,"7B3","no","moose",535574.446329492,4932005.34627159,TRUE
"134","Cleared0134",2016-06-18 09:06:00,505.5,1.4,"7B3","no","moose",535431.146149841,4932060.10313561,TRUE
"135","Cleared0135",2016-06-18 10:08:00,468,1.5,"7B3","no","moose",535516.22196505,4932482.67899383,TRUE
"136","Cleared0136",2016-06-20 07:40:00,646.2,0.8,"12A2","no","moose",586299.404196189,4950868.75453601,TRUE
"137","Cleared0137",2016-06-20 07:45:00,643.3,0.8,"12A2","no","moose",586322.872168364,4950891.28885471,TRUE
"138","Cleared0138",2016-06-20 07:52:00,638.4,0.9,"12A2","no","moose",586385.948445325,4950914.35352601,TRUE
"139","Cleared0139",2016-06-20 08:03:00,652.4,0.9,"12A2","no","moose",586480.115306154,4950982.27625351,TRUE
"140","Cleared0140",2016-06-27 10:36:00,406.7,1.7,"7C2","no","moose",541633.15299717,4936184.79876937,TRUE
"141","Cleared0141",2016-07-03 12:36:00,514.7,1.3,"10B3","no","moose",579037.788552351,4865458.01680603,TRUE
"142","Cleared0142",2016-07-08 10:41:00,466.2,0.8,"7A2","no","moose",549805.213384612,4940030.48524377,TRUE
"143","Cleared0143",2016-07-08 10:45:00,467.3,0.8,"7A2","no","moose",549813.404391609,4939997.22234683,TRUE
"144","Cleared0144",2016-07-10 11:17:00,583.6,1.1,"1A1","no","moose",502812.495602076,4818463.18131218,TRUE
"145","Cleared0145",2016-07-13 08:21:00,595.5,1.6,"5C2","no","moose",521048.914585895,4837886.83383883,TRUE
"146","Cleared0146",2016-07-13 13:18:00,665.4,1.1,"5D2","no","moose",525864.182145729,4832617.12933115,TRUE
"147","Cleared0147",2016-07-13 13:39:00,682.1,0.9,"5D2","no","moose",525944.788296566,4832628.54748589,TRUE
"148","Cleared0148",2016-07-15 09:30:00,540.9,1.2,"6B3","no","moose",539781.731292841,4874769.30829908,TRUE
"149","Cleared0149",2016-07-22 13:03:00,483.3,1.3,"10B3","no","moose",578871.229608802,4865289.40784272,TRUE
"150","Cleared0150",2016-07-25 09:06:00,633.3,1.2,"12B1","no","moose",585155.621103017,4945676.26291668,TRUE
"151","Cleared0151",2016-07-25 09:17:00,620.5,1.4,"12B1","no","moose",585203.189721936,4945676.88996783,TRUE
"152","Cleared0152",2016-07-25 10:00:00,623.8,1.1,"12B1","no","moose",585291.718409406,4945578.067636,TRUE
"153","Cleared0153",2016-07-25 10:00:00,625.9,1,"12B1","no","moose",585291.571793512,4945589.17572806,TRUE
"154","Cleared0154",2016-07-25 10:23:00,625.1,1.1,"12B1","no","moose",585260.884868591,4945511.00058677,TRUE
"155","Cleared0155",2016-07-25 10:24:00,623,1.1,"12B1","no","moose",585260.884868591,4945511.00058677,TRUE
"156","Cleared0156",2016-07-25 10:30:00,618.2,1.1,"12B1","no","moose",585252.956560927,4945510.89598589,TRUE
"157","Cleared0157",2016-07-25 10:34:00,629.3,2.1,"12B1","no","moose",585252.810014759,4945522.00407679,TRUE
"158","Cleared0158",2016-07-25 10:41:00,641.1,1.1,"12B1","no","moose",585253.103106833,4945499.78789517,TRUE
"159","Cleared0159",2016-07-25 10:42:00,637.2,1,"12B1","no","moose",585260.738308792,4945522.10867768,TRUE
"160","Cleared0160",2016-07-25 10:48:00,623.7,0.9,"12B1","no","moose",585253.542742982,4945466.46362415,TRUE
"161","Cleared0161",2016-07-25 10:58:00,621.6,1.1,"12B1","no","moose",585253.249652477,4945488.67980464,TRUE
"162","Cleared0162",2016-07-25 11:02:00,620.8,1.1,"12B1","no","moose",585253.103106833,4945499.78789517,TRUE
"163","Cleared0163",2016-07-25 11:03:00,621.1,1.1,"12B1","no","moose",585261.031428128,4945499.89249605,TRUE
"164","Cleared0164",2016-07-25 11:08:00,619.6,1.1,"12B1","no","moose",585221.829294257,4945466.045318,TRUE
"165","Cleared0165",2016-07-25 11:13:00,617.4,1.6,"12B1","no","moose",585237.979053547,4945444.0382719,TRUE
"166","Cleared0166",2016-07-25 11:21:00,615.9,1.2,"12B1","no","moose",585183.06601257,4945398.87411753,TRUE
"167","Cleared0167",2016-07-25 11:26:00,617,1.3,"12B1","no","moose",585198.776452335,4945410.19124278,TRUE
"168","Cleared0168",2016-07-25 11:29:00,615.6,1.3,"12B1","no","moose",585206.851344424,4945399.18768652,TRUE
"169","Cleared0169",2016-07-25 11:31:00,616.6,1.4,"12B1","no","moose",585198.922900469,4945399.0831538,TRUE
"170","Cleared0170",2016-07-25 12:58:00,551.4,1.1,"12B1","no","moose",585008.601212614,4944796.63647901,TRUE
"171","Cleared0171",2016-07-25 13:03:00,555.6,1.4,"12B1","no","moose",584984.667620466,4944807.43174839,TRUE
"172","Cleared0172",2016-07-25 13:09:00,555.2,3.9,"12B1","no","moose",584976.738454184,4944807.32749807,TRUE
"173","Cleared0173",2016-07-25 13:11:00,555.1,1.1,"12B1","no","moose",584976.738454184,4944807.32749807,TRUE
"174","Cleared0174",2016-07-25 13:24:00,557.4,1.2,"12B1","no","moose",584783.961326893,4944993.66577356,TRUE
"175","Cleared0175",2016-07-25 13:34:00,565.4,1.6,"12B1","no","moose",584711.58175578,4945070.48663661,TRUE
"176","Cleared0176",2016-07-25 13:40:00,583.3,1.3,"12B1","no","moose",584687.79523869,4945070.17490691,TRUE
"177","Cleared0177",2016-07-25 13:56:00,588.6,1.2,"12B1","no","moose",584438.808266499,4945311.33669803,TRUE
"178","Cleared0178",2016-07-25 13:57:00,589.3,1.2,"12B1","no","moose",584438.808266499,4945311.33669803,TRUE
"179","Cleared0179",2016-07-25 14:04:00,590.4,0.8,"12B1","no","moose",584438.808266499,4945311.33669803,TRUE
"180","Cleared0180",2016-07-29 08:57:00,531.8,1.3,"9A3","no","moose",565682.477319795,4847462.21296429,TRUE
"181","Cleared0182",2016-07-29 10:37:00,512.7,0.9,"9A3","no","moose",566242.260416853,4847823.19384118,TRUE
"182","Cleared0183",2016-07-29 10:46:00,508.5,1.1,"9A3","no","moose",566234.323871941,4847812.00744473,TRUE
"183","Cleared0184",2016-07-29 11:00:00,509.1,1.1,"9A3","no","moose",566266.62216599,4847801.22107838,TRUE
"184","Cleared0185",2016-07-29 11:08:00,518.7,0.9,"9A3","no","moose",566282.826593977,4847790.27475268,TRUE
"185","Cleared0186",2016-07-29 11:51:00,526.4,1.2,"9A3","no","moose",566501.203662937,4847681.37557408,TRUE
"186","Cleared0187",2016-08-17 10:19:00,462.6,1.1,"7A2","no","moose",549511.294744123,4940072.66495235,TRUE
"187","Cleared0188",2016-08-02 12:27:00,543.2,1.3,"5D1","no","moose",523694.761092403,4834874.77584324,TRUE
"188","Cleared0189",2016-08-02 12:57:00,543.9,1.4,"5D1","no","moose",523598.24988076,4834807.7970782,TRUE
"189","Cleared0190",2016-08-02 15:46:00,576.5,1.1,"5D3","no","moose",526592.909964451,4835951.8751261,TRUE
"190","Cleared0191",2016-08-04 08:22:00,506.7,1.2,"12B4","no","moose",587751.977449929,4943089.0120549,TRUE
"191","Cleared0192",2016-08-04 08:58:00,478.9,0.9,"12B4","no","moose",587745.402530425,4942988.93198947,TRUE
"192","Cleared0193",2016-08-12 12:29:00,508.5,1.6,"10B3","no","moose",578534.13310007,4865963.00972369,TRUE
"193","Cleared0194",2016-08-12 12:57:00,500.6,1,"10B3","no","moose",578461.51186769,4865995.47417296,TRUE
"194","Cleared0195",2016-08-12 14:20:00,497.6,2.5,"10B3","no","moose",578903.33362027,4865289.79001672,TRUE
"195","Cleared0196",2016-08-12 14:23:00,492.2,2.3,"10B3","no","moose",578919.517896859,4865278.87444281,TRUE
"196","Cleared0197",2016-08-12 14:33:00,484.3,3.6,"10B3","no","moose",579048.596586516,4865224.87141093,TRUE
"197","Cleared0198",2016-08-12 15:08:00,479.5,1.9,"10B3","no","moose",579021.60450034,4865468.93209108,TRUE
"198","Cleared0199",2016-08-12 15:10:00,476.8,2,"10B3","no","moose",579021.60450034,4865468.93209108,TRUE
"199","Cleared0200",2016-08-12 15:21:00,472.3,2.5,"10B3","no","moose",578986.720982483,4865701.79054689,TRUE
"200","Cleared0201",2016-08-12 15:25:00,477.5,2.1,"10B3","no","moose",578995.011316001,4865679.67276954,TRUE
"201","Cleared0202",2016-08-12 15:28:00,478.8,2,"10B3","no","moose",579018.425637711,4865735.49348656,TRUE
"202","Cleared0203",2016-08-17 10:19:00,462.6,1.1,"7A2","no","moose",549511.294744123,4940072.66495235,TRUE
"203","Cleared0204",2016-08-20 11:42:00,490.6,1.3,"9A3","no","moose",566169.39672141,4847866.899852,TRUE
"204","Cleared0205",2016-08-20 12:14:00,525.4,1.4,"9A3","no","moose",566306.635988041,4847823.8341458,TRUE
"205","Cleared0206",2016-08-20 12:15:00,524.6,1.2,"9A3","no","moose",566322.729880928,4847823.99431915,TRUE
"206","Cleared0207",2016-08-23 13:25:00,611.9,1.2,"5C2","no","moose",521500.550410357,4837777.20839678,TRUE
"207","Cleared0500",2016-06-06 12:35:00,487.1,5,"10B3","yes","moose",579010.280974941,4865745.39383656,TRUE
"208","Cleared0501",2016-06-08 14:42:00,596.8,5,"2B3","no","moose",501841.617802834,4851559.1217683,TRUE
"209","Cleared0502",2016-06-08 15:36:00,606.8,5,"2B3","no","moose",502074.86382536,4851469.22837254,TRUE
"210","Cleared0503",2016-06-08 15:45:00,613.2,5,"2B3","no","moose",502074.86174783,4851475.89222534,TRUE
"211","Cleared0504",2016-06-08 15:51:00,614.2,5,"2B3","no","moose",502066.820682748,4851472.55779658,TRUE
"212","Cleared0505",2016-06-08 15:58:00,611.4,4,"2B3","no","moose",502082.911494776,4851451.46061083,TRUE
"213","Cleared0506",2016-06-08 15:59:00,612,5,"2B3","no","moose",502082.911494776,4851451.46061083,TRUE
"214","Cleared0507",2016-06-08 16:23:00,616.7,5,"2B3","no","moose",502115.059893103,4851514.77735896,TRUE
"215","Cleared0508",2016-06-08 16:29:00,620.9,5,"2B3","no","moose",502098.982793065,4851492.55942302,TRUE
"216","Cleared0509",2016-06-08 16:39:00,619.5,5,"2B3","no","moose",502163.319069582,4851493.69066713,TRUE
"217","Cleared0510",2016-06-08 16:48:00,651.8,5,"2B3","no","moose",502267.863817372,4851500.38932482,TRUE
"218","Cleared0511",2016-06-10 09:44:00,681.4,4,"11C1","no","moose",586673.607336001,4900005.67612229,TRUE
"219","Cleared0512",2016-06-10 09:54:00,688.4,4,"11C1","no","moose",586681.664737881,4900000.22803435,TRUE
"220","Cleared0513",2016-06-10 10:07:00,672.8,4,"11C1","no","moose",586690.015936904,4899972.56531739,TRUE
"221","Cleared0514",2016-06-10 10:12:00,675,4,"11C1","no","moose",586697.941177947,4899977.11383644,TRUE
"222","Cleared0515",2016-06-10 10:27:00,683.2,5,"11C1","no","moose",586706.116169785,4899962.77992258,TRUE
"223","Cleared0516",2016-06-10 10:34:00,672.3,5,"11C1","no","moose",586714.100185085,4899962.88553337,TRUE
"224","Cleared0517",2016-06-10 10:44:00,669.9,5,"11C1","no","moose",586674.356345591,4899949.02879401,TRUE
"225","Cleared0518",2016-06-10 10:47:00,681.1,5,"11C1","no","moose",586674.268227174,4899955.69318532,TRUE
"226","Cleared0519",2016-06-10 10:57:00,669.5,5,"11C1","no","moose",586713.879786897,4899979.54651218,TRUE
"227","Cleared0520",2016-06-10 11:15:00,688.6,5,"11C1","no","moose",586874.413461169,4899917.23832063,TRUE
"228","Cleared0521",2016-06-10 11:24:00,694.3,5,"11C1","no","moose",586874.487061844,4899911.68466142,TRUE
"229","Cleared0522",2016-06-10 11:31:00,691.1,5,"11C1","no","moose",586874.001296158,4899948.33881306,TRUE
"230","Cleared0523",2016-06-10 11:32:00,690.7,5,"11C1","no","moose",586873.97185572,4899950.56027686,TRUE
"231","Cleared0524",2016-06-10 11:41:00,688.8,5,"11C1","no","moose",586874.030736585,4899946.11734927,TRUE
"232","Cleared0525",2016-06-10 12:19:00,683,5,"11C1","no","moose",586948.509406092,4899749.35978556,TRUE
"233","Cleared0526",2016-06-10 12:46:00,665.8,5,"11C1","no","moose",586728.534849867,4899475.3800278,TRUE
"234","Cleared0527",2016-06-13 09:23:00,435,4,"7A1","no","moose",546216.669464829,4939189.61249469,TRUE
"235","Cleared0528",2016-06-13 09:24:00,431.7,4,"7A1","no","moose",546224.573302344,4939194.11233173,TRUE
"236","Cleared0529",2016-06-13 09:29:00,427.6,4,"7A1","no","moose",546232.564377321,4939186.39341257,TRUE
"237","Cleared0530",2016-06-13 09:29:00,427.8,4,"7A1","no","moose",546232.556445658,4939187.50420947,TRUE
"238","Cleared0531",2016-06-13 09:34:00,439.1,4,"7A1","no","moose",546232.564377321,4939186.39341257,TRUE
"239","Cleared0532",2016-06-13 09:38:00,439.3,4,"7A1","no","moose",546232.540582327,4939189.72580326,TRUE
"240","Cleared0533",2016-06-13 09:42:00,438.5,4,"7A1","no","moose",546240.412676807,4939198.6688474,TRUE
"241","Cleared0534",2016-06-13 09:48:00,438.8,4,"7A1","no","moose",546256.402808815,4939182.12026081,TRUE
"242","Cleared0535",2016-06-13 10:00:00,442.1,4,"7A1","no","moose",546272.361268422,4939170.01490099,TRUE
"243","Cleared0536",2016-06-13 10:03:00,440.3,4,"7A1","no","moose",546272.385083762,4939166.6825104,TRUE
"244","Cleared0537",2016-06-13 10:08:00,439.2,4,"7A1","no","moose",546280.296851693,4939170.0716185,TRUE
"245","Cleared0538",2016-06-13 10:17:00,428,5,"7A1","no","moose",546462.998603028,4939145.83047807,TRUE
"246","Cleared0539",2016-06-13 10:25:00,427.7,6,"7A1","no","moose",546478.933622787,4939137.0580151,TRUE
"247","Cleared0540",2016-06-13 10:28:00,429.3,5,"7A1","no","moose",546471.045831886,4939130.33627358,TRUE
"248","Cleared0541",2016-06-13 10:31:00,431.9,5,"7A1","no","moose",546478.981465587,4939130.39323424,TRUE
"249","Cleared0542",2016-06-13 10:33:00,432.8,5,"7A1","no","moose",546478.973491791,4939131.50403105,TRUE
"250","Cleared0543",2016-06-13 10:37:00,439.1,5,"7A1","no","moose",546494.757014668,4939143.83674653,TRUE
"251","Cleared0544",2016-06-13 10:38:00,439.8,5,"7A1","no","moose",546494.749038132,4939144.94754335,TRUE
"252","Cleared0545",2016-06-13 10:42:00,443.3,5,"7A1","no","moose",546478.973491791,4939131.50403105,TRUE
"253","Cleared0546",2016-06-13 10:54:00,425.3,5,"7A1","no","moose",546494.836779955,4939132.72877835,TRUE
"254","Cleared0547",2016-06-13 10:56:00,430,5,"7A1","no","moose",546502.764433057,4939133.896565,TRUE
"255","Cleared0548",2016-06-13 11:09:00,431.1,4,"7A1","no","moose",546479.467864475,4939062.63463286,TRUE
"256","Cleared0549",2016-06-13 11:59:00,414.2,5,"7A1","no","moose",545864.407677884,4938503.93361895,TRUE
"257","Cleared0550",2016-06-13 13:58:00,422,5,"7A1","no","moose",548500.23532119,4942632.21499777,TRUE
"258","Cleared0551",2016-06-13 14:03:00,409.7,5,"7A1","no","moose",548420.863515868,4942639.39634467,TRUE
"259","Cleared0552",2016-06-13 14:04:00,410.7,5,"7A1","no","moose",548412.940480926,4942638.22616783,TRUE
"260","Cleared0553",2016-06-13 14:10:00,414.4,5,"7A1","no","moose",548405.025756656,4942635.94519778,TRUE
"261","Cleared0554",2016-06-13 14:16:00,437.2,5,"7A1","no","moose",548389.121495722,4942641.38051343,TRUE
"262","Cleared0555",2016-06-13 14:19:00,440.5,5,"7A1","no","moose",548381.090436869,4942654.65081409,TRUE
"263","Cleared0556",2016-06-13 14:21:00,439.9,5,"7A1","no","moose",548373.142490306,4942656.81309481,TRUE
"264","Cleared0557",2016-06-13 14:23:00,433.5,5,"7A1","no","moose",548349.315291078,4942661.07838938,TRUE
"265","Cleared0558",2016-06-13 14:24:00,430.4,5,"7A1","no","moose",548349.290379395,4942664.41079836,TRUE
"266","Cleared0559",2016-06-13 14:27:00,412.8,5,"7A1","no","moose",548349.356810521,4942655.52437444,TRUE
"267","Cleared0560",2016-06-13 14:34:00,419.7,5,"7A1","no","moose",548341.633043875,4942627.69501417,TRUE
"268","Cleared0561",2016-06-15 14:31:00,588.3,5,"1A1","no","moose",502844.695812127,4818764.16329078,TRUE
"269","Cleared0562",2016-06-15 14:53:00,572.4,5,"1A1","no","moose",502812.49235067,4818470.95540138,TRUE
"270","Cleared0563",2016-06-15 14:58:00,575.4,5,"1A1","no","moose",502828.669647415,4818438.75524071,TRUE
"271","Cleared0564",2016-06-15 15:03:00,576.3,5,"1A1","no","moose",502836.751092259,4818439.86922925,TRUE
"272","Cleared0565",2016-06-18 07:16:00,555.8,5,"12A1","no","moose",590663.150353695,4954389.49782952,TRUE
"273","Cleared0566",2016-06-18 07:45:00,518.1,5,"12A1","no","moose",591062.798492459,4954688.44911395,TRUE
"274","Cleared0567",2016-06-18 08:16:00,528.9,4,"12A1","no","moose",590938.600965581,4955072.22821825,TRUE
"275","Cleared0568",2016-06-18 09:05:00,463.3,4,"12A3","no","moose",587288.847393809,4958538.16440366,TRUE
"276","Cleared0570",2016-06-18 10:15:00,503.7,5,"12A3","no","moose",588171.712978291,4958214.66541626,TRUE
"277","Cleared0571",2016-06-18 10:15:00,503.3,5,"12A3","no","moose",588163.800224164,4958214.55702562,TRUE
"278","Cleared0572",2016-06-18 10:20:00,500.8,6,"12A3","no","moose",588163.769792721,4958216.77868702,TRUE
"279","Cleared0573",2016-06-18 10:22:00,501.1,6,"12A3","no","moose",588171.682544116,4958216.88707766,TRUE
"280","Cleared0574",2016-06-18 10:28:00,499.2,5,"12A3","no","moose",588148.628871871,4958166.57455515,TRUE
"281","Cleared0575",2016-06-18 10:35:00,497,5,"12A3","no","moose",588157.895741117,4958067.81900859,TRUE
"282","Cleared0576",2016-06-18 10:47:00,497.8,5,"12A3","no","moose",588080.696817993,4957925.66028327,TRUE
"283","Cleared0577",2016-06-18 10:50:00,499.7,4,"12A3","no","moose",588040.903380875,4957941.781465,TRUE
"284","Cleared0578",2016-06-18 11:10:00,485.4,4,"12A3","no","moose",587635.324473032,4958084.01482457,TRUE
"285","Cleared0579",2016-06-19 06:54:00,459.1,4,"3A3","no","moose",507700.7575845,4902608.35320163,TRUE
"286","Cleared0580",2016-06-19 07:14:00,490.1,5,"3A3","no","moose",507924.4425043,4902407.5772737,TRUE
"287","Cleared0581",2016-06-19 07:27:00,499.1,4,"3A3","no","moose",508036.259442731,4902332.18365123,TRUE
"288","Cleared0582",2016-06-19 07:30:00,497.9,4,"3A3","no","moose",508044.242567911,4902329.97198442,TRUE
"289","Cleared0583",2016-06-19 07:54:00,480.6,4,"3A3","no","moose",508355.822457715,4902060.4539161,TRUE
"290","Cleared0584",2016-07-01 09:47:00,550.1,4,"9A1","no","moose",570337.137272591,4847961.79827827,TRUE
"291","Cleared0585",2016-07-04 08:37:00,571.2,5,"12B1","no","moose",585176.821233115,4945271.02660437,TRUE
"292","Cleared0586",2016-07-04 08:51:00,591.8,6,"12B1","no","moose",585207.041744328,4945384.74717112,TRUE
"293","Cleared0587",2016-07-04 09:00:00,604.8,5,"12B1","no","moose",585222.708232344,4945399.39678117,TRUE
"294","Cleared0588",2016-07-04 09:04:00,622.4,6,"12B1","no","moose",585222.517796557,4945413.8372969,TRUE
"295","Cleared0589",2016-07-04 09:08:00,614.9,5,"12B1","no","moose",585253.659978892,4945457.57715217,TRUE
"296","Cleared0590",2016-07-04 09:11:00,610.6,5,"12B1","no","moose",585245.702299564,4945459.69417902,TRUE
"297","Cleared0591",2016-07-04 09:14:00,623.1,6,"12B1","no","moose",585229.743006022,4945467.26068895,TRUE
"298","Cleared0592",2016-07-04 09:22:00,632.5,5,"12B1","no","moose",585229.347443938,4945497.2525328,TRUE
"299","Cleared0593",2016-07-04 09:23:00,629.3,5,"12B1","no","moose",585229.391395375,4945493.92010564,TRUE
"300","Cleared0594",2016-07-04 09:27:00,634.3,5,"12B1","no","moose",585229.42069632,4945491.69848754,TRUE
"301","Cleared0595",2016-07-04 09:30:00,639.7,5,"12B1","no","moose",585237.349027147,4945491.80305922,TRUE
"302","Cleared0596",2016-07-04 09:31:00,638.7,5,"12B1","no","moose",585229.42069632,4945491.69848754,TRUE
"303","Cleared0597",2016-07-04 09:37:00,628.8,6,"12B1","no","moose",585229.303492478,4945500.58495998,TRUE
"304","Cleared0598",2016-07-04 09:55:00,633.8,5,"12B1","no","moose",585189.793685889,4945490.064966,TRUE
"305","Cleared0599",2016-07-04 10:03:00,612.8,5,"12B1","no","moose",585205.54782553,4945498.04968517,TRUE
"306","Cleared0600",2016-07-04 10:11:00,627.1,5,"12B1","no","moose",585229.493948636,4945486.14444232,TRUE
"307","Cleared0601",2016-07-04 10:17:00,634.1,5,"12B1","no","moose",585245.145479107,4945501.90492215,TRUE
"308","Cleared0602",2016-07-04 10:22:00,643.3,5,"12B1","no","moose",585245.160132325,4945500.79411308,TRUE
"309","Cleared0603",2016-07-04 10:32:00,620.7,5,"12B1","no","moose",585275.832639929,4945580.07998446,TRUE
"310","Cleared0604",2016-07-04 10:37:00,625.1,5,"12B1","no","moose",585275.803322214,4945582.30160287,TRUE
"311","Cleared0605",2016-07-04 10:43:00,611.2,6,"12B1","no","moose",585267.728526682,4945593.30507461,TRUE
"312","Cleared0606",2016-07-04 10:46:00,613.1,6,"12B1","no","moose",585283.086490274,4945631.28183975,TRUE
"313","Cleared0607",2016-07-04 10:58:00,632.3,5,"12B1","no","moose",585250.655755945,4945685.29303484,TRUE
"314","Cleared0608",2016-07-04 11:01:00,627.8,4,"12B1","no","moose",585211.41078817,4945654.77832356,TRUE
"315","Cleared0609",2016-07-04 11:08:00,629.2,5,"12B1","no","moose",585211.41078817,4945654.77832356,TRUE
"316","Cleared0610",2016-07-04 11:10:00,628.9,6,"12B1","no","moose",585187.523888565,4945662.24039034,TRUE
"317","Cleared0611",2016-07-04 11:15:00,627.6,4,"12B1","no","moose",585179.727551819,4945652.13859302,TRUE
"318","Cleared0612",2016-07-04 11:21:00,631.3,7,"12B1","no","moose",585061.039510269,4945632.79911114,TRUE
"319","Cleared0613",2016-07-04 11:25:00,631.3,5,"12B1","no","moose",585029.385357575,4945627.93850161,TRUE
"320","Cleared0614",2016-07-04 11:29:00,633.6,5,"12B1","no","moose",585013.938227601,4945596.62721496,TRUE
"321","Cleared0615",2016-07-04 11:32:00,626.4,5,"12B1","no","moose",585014.055138855,4945587.74074128,TRUE
"322","Cleared0616",2016-07-04 11:39:00,627.2,6,"12B1","no","moose",584863.433748714,4945584.64990906,TRUE
"323","Cleared0617",2016-07-04 11:55:00,603.8,4,"12B1","no","moose",584530.884823166,4945546.96120522,TRUE
"324","Cleared0618",2016-07-04 12:05:00,619.5,5,"12B1","no","moose",584530.913884485,4945544.739587,TRUE
"325","Cleared0619",2016-07-09 08:48:00,NA,NA,"9A2","no","moose",568413.95523227,4845588.08240427,TRUE
"326","Cleared0620",2016-07-09 12:58:00,539.5,5,"9A3","no","moose",566331.296469014,4847771.87433144,TRUE
"327","Cleared0621",2016-07-09 13:40:00,537.6,5,"9A3","no","moose",566565.769244398,4847663.13748549,TRUE
"328","Cleared0622",2016-07-12 07:12:00,482.5,4,"12A3","no","moose",587959.119026745,4958713.94608686,TRUE
"329","Cleared0623",2016-07-12 11:21:00,508.9,5,"12A1","no","moose",591078.758379711,4954679.78630982,TRUE
"330","Cleared0624",2016-07-12 11:27:00,510.9,5,"12A1","no","moose",591086.235855713,4954711.00131669,TRUE
"331","Cleared0625",2016-07-12 11:30:00,515,4,"12A1","no","moose",591102.242837701,4954699.00609614,TRUE
"332","Cleared0626",2016-07-13 06:25:00,559.5,4,"5D3","no","moose",526681.87234993,4835878.92766256,TRUE
"333","Cleared0627",2016-07-13 08:07:00,579.8,5,"5D3","no","moose",526224.429226607,4835358.45313138,TRUE
"334","Cleared0628",2016-07-13 09:57:00,547.4,5,"5D1","no","moose",523582.133173314,4834805.51899524,TRUE
"335","Cleared0629",2016-07-13 10:04:00,545.8,5,"5D1","no","moose",523606.316067992,4834806.71490728,TRUE
"336","Cleared0630",2016-07-13 11:23:00,551.3,4,"5D1","no","moose",524291.560624439,4834822.49539947,TRUE
"337","Cleared0631",2016-07-15 08:02:00,675.3,5,"11C1","no","moose",586810.187847953,4899943.0497154,TRUE
"338","Cleared0632",2016-07-15 08:11:00,669.7,5,"11C1","no","moose",586858.548335894,4899909.25159693,TRUE
"339","Cleared0633",2016-07-15 08:27:00,685.6,6,"11C1","no","moose",586874.840344159,4899885.02709788,TRUE
"340","Cleared0634",2016-07-15 08:33:00,695.9,5,"11C1","no","moose",586890.808569931,4899885.23873756,TRUE
"341","Cleared0635",2016-07-15 08:42:00,689,6,"11C1","no","moose",586867.091730324,4899867.14958422,TRUE
"342","Cleared0636",2016-07-15 08:54:00,680.7,5,"11C1","no","moose",586883.045278006,4899868.47193618,TRUE
"343","Cleared0637",2016-07-15 09:01:00,697.6,5,"11C1","no","moose",586874.78146388,4899889.47002506,TRUE
"344","Cleared0638",2016-07-15 09:08:00,688,5,"11C1","no","moose",586898.498199815,4899907.55920826,TRUE
"345","Cleared0639",2016-07-16 06:40:00,517.3,4,"10B5","no","moose",581739.033942716,4864468.81332996,TRUE
"346","Cleared0640",2016-07-16 06:49:00,508.1,4,"10B5","no","moose",581698.802906439,4864476.09322652,TRUE
"347","Cleared0641",2016-07-16 10:18:00,481,6,"10B4","no","moose",579208.394436376,4863943.77152762,TRUE
"348","Cleared0642",2016-07-16 11:34:00,478.5,6,"10B4","no","moose",579032.514620271,4863880.57700236,TRUE
"349","Cleared0643",2016-07-16 11:38:00,470.7,5,"10B4","no","moose",579032.514620271,4863880.57700236,TRUE
"350","Cleared0644",2016-07-16 12:08:00,476.1,5,"10B4","no","moose",579035.255281907,4863650.66844732,TRUE
"351","Cleared0645",2016-07-25 07:49:00,465.1,5,"7A2","no","moose",549516.375388615,4939408.40778103,TRUE
"352","Cleared0646",2016-07-25 07:57:00,469,5,"7A2","no","moose",549460.828138789,4939407.98318253,TRUE
"353","Cleared0647",2016-07-25 08:14:00,462.7,4,"7A2","no","moose",549310.386979569,4939363.51200786,TRUE
"354","Cleared0648",2016-07-25 08:48:00,465.2,5,"7A2","no","moose",549153.339346156,4940188.79914979,TRUE
"355","Cleared0649",2016-07-25 09:14:00,468.3,4,"7A2","no","moose",549686.041483794,4940049.56494475,TRUE
"356","Cleared0650",2016-07-25 09:18:00,468.5,4,"7A2","no","moose",549717.873483065,4940037.58985992,TRUE
"357","Cleared0651",2016-07-25 09:24:00,469.1,4,"7A2","no","moose",549797.458277582,4940007.09743042,TRUE
"358","Cleared0652",2016-07-28 08:09:00,582.6,5,"1A1","no","moose",503014.376412842,4818834.20407125,TRUE
"359","Cleared0653",2016-07-28 08:11:00,588.8,4,"1A1","no","moose",503014.375914956,4818835.31465607,TRUE
"360","Cleared0654",2016-07-31 06:40:00,485.9,4,"12A3","no","moose",587785.597518422,4958671.57936861,TRUE
"361","Cleared0655",2016-07-31 07:30:00,508.2,5,"12A3","no","moose",588170.404298975,4958310.19686353,TRUE
"362","Cleared0656",2016-07-31 08:35:00,482.9,5,"12A3","no","moose",587834.011117684,4958023.39387642,TRUE
"363","Cleared0657",2016-07-31 10:32:00,512.2,5,"12A1","no","moose",591047.168260085,4954673.78463615,TRUE
"364","Cleared0658",2016-08-01 08:46:00,672.9,5,"12A2","no","moose",586557.393776952,4951127.7450887,TRUE
"365","Cleared0659",2016-08-04 08:39:00,509.2,5,"10B5","no","moose",581352.546595597,4865214.98574981,TRUE
"366","Cleared0660",2016-08-15 09:25:00,573.8,4,"12B1","no","moose",585130.990846093,4945138.21356965,TRUE
"367","Cleared0661",2016-08-15 09:28:00,577.1,4,"12B1","no","moose",585138.846442529,4945143.87205694,TRUE
"368","Cleared0662",2016-08-15 09:49:00,632.6,5,"12B1","no","moose",585274.777195578,4945660.0582517,TRUE
"369","Cleared0663",2016-08-15 09:54:00,634.7,5,"12B1","no","moose",585234.990048186,4945670.64334038,TRUE
"370","Cleared0664",2016-08-15 10:06:00,632.7,5,"12B1","no","moose",585179.84469309,4945643.25211854,TRUE
"371","Cleared0665",2016-08-15 10:07:00,632.8,7,"12B1","no","moose",585156.045622398,4945644.04944609,TRUE
"372","Cleared0666",2016-08-15 10:11:00,635.5,6,"12B1","no","moose",585068.90917098,4945637.3467157,TRUE
"373","Cleared0667",2016-08-23 09:15:00,667.5,5,"12A2","no","moose",586472.372371731,4950968.8402437,TRUE
"374","Cleared0668",2016-08-23 09:16:00,667.6,6,"12A2","no","moose",586472.402151305,4950966.61860694,TRUE
"375","Cleared0669",2016-07-28 07:55:00,583.9,5,"1A1","no","moose",503046.681533217,4818879.75262006,TRUE
"376","Cleared0670",2016-07-20 09:18:00,538.1,5,"9A1","no","moose",570345.231010324,4847957.44066561,TRUE
"377","Cleared0671",2016-07-04 07:13:00,590.8,5,"12B1","no","moose",584479.075343993,4945264.09001576,TRUE
"378","Cleared0672",2016-07-04 07:31:00,570.5,5,"12B1","no","moose",584743.369936842,4945065.34837087,TRUE
"379","Cleared0673",2016-07-04 07:37:00,566.9,4,"12B1","no","moose",584783.655322335,4945016.99274585,TRUE
"380","Cleared0674",2016-07-04 07:38:00,565.8,5,"12B1","no","moose",584783.669894006,4945015.88193763,TRUE
"381","Cleared0675",2016-07-04 07:41:00,564.6,5,"12B1","no","moose",584783.771895635,4945008.10628012,TRUE
"382","Cleared0676",2016-07-04 07:53:00,564.5,5,"12B1","no","moose",584904.690148705,4944858.59765514,TRUE
"383","Cleared0677",2016-07-04 08:10:00,548.5,5,"12B1","no","moose",585016.311232081,4944813.40288634,TRUE
"384","Cleared0678",2016-08-22 14:11:00,517.2,4,"12A1","no","moose",591008.006077928,4954643.23314943,TRUE
"385","Cleared1000",2016-06-08 14:18:00,594.9,3.5,"2B2","no","moose",504107.977191636,4853963.57023859,TRUE
"386","Cleared1001",2016-06-08 14:23:00,590.7,2.75,"2B2","no","moose",504132.088263837,4853973.58099912,TRUE
"387","Cleared1002",2016-06-08 14:39:00,605.8,4,"2B2","no","moose",504212.485418864,4853963.63561789,TRUE
"388","Cleared1003",2016-06-08 14:47:00,596.3,2.5,"2B2","no","moose",504244.612731199,4854009.19257409,TRUE
"389","Cleared1005",2016-06-12 14:08:00,456.1,2.25,"7A2","no","moose",549319.100806411,4939261.37910874,TRUE
"390","Cleared1006",2016-06-12 14:11:00,458.7,2.75,"7A2","no","moose",549311.292206641,4939244.65670946,TRUE
"391","Cleared1007",2016-06-12 14:14:00,457.5,2.25,"7A2","no","moose",549303.475107085,4939229.0451174,TRUE
"392","Cleared1008",2016-06-12 14:25:00,445,2.5,"7A2","no","moose",549318.99080848,4939275.8194713,TRUE
"393","Cleared1009",2016-06-12 14:29:00,451.9,2.5,"7A2","no","moose",549310.556182206,4939341.29606255,TRUE
"394","Cleared1010",2016-06-12 14:32:00,454.7,2.5,"7A2","no","moose",549302.400852379,4939370.1163584,TRUE
"395","Cleared1011",2016-06-12 14:59:00,466.8,2.75,"7A2","no","moose",549170.305011913,4940044.51585955,TRUE
"397","Cleared1013",2016-06-12 15:36:00,463.4,2.5,"7A2","no","moose",550004.109439366,4939963.14505857,TRUE
"398","Cleared1014",2016-06-13 10:35:00,586.2,2.5,"9A2","no","moose",568210.343719774,4845030.62022037,TRUE
"399","Cleared1015",2016-06-13 11:11:00,550.1,2.5,"9A2","no","moose",568494.46338377,4845587.79817074,TRUE
"400","Cleared1016",2016-06-13 11:17:00,554.1,2.25,"9A2","no","moose",568502.570110233,4845582.32768107,TRUE
"401","Cleared1017",2016-06-13 11:23:00,554.1,2.5,"9A2","no","moose",568527.038753554,4845551.47799422,TRUE
"402","Cleared1018",2016-06-13 11:50:00,582.2,3,"9A2","no","moose",568891.823439761,4845308.64928524,TRUE
"403","Cleared1019",2016-06-13 11:50:00,582.2,3,"9A2","no","moose",568891.823439761,4845308.64928524,TRUE
"404","Cleared1020",2016-06-13 12:05:00,553.8,2.5,"9A2","no","moose",569022.060644889,4845171.1516454,TRUE
"405","Cleared1021",2016-06-13 12:10:00,549.7,3,"9A2 ","no","moose",569078.734073179,4845140.63731583,TRUE
"406","Cleared1022",2016-06-13 14:47:00,547,3,"9A3","no","moose",565698.145032673,4847505.68656362,TRUE
"407","Cleared1023",2016-06-13 14:47:00,547,3,"9A3","no","moose",565698.145032673,4847505.68656362,TRUE
"408","Cleared1024",2016-06-13 14:47:00,547,3,"9A3","no","moose",565698.145032673,4847505.68656362,TRUE
"409","Cleared1025",2016-06-13 14:53:00,547.5,2.75,"9A3","no","moose",565698.112183535,4847509.01848243,TRUE
"410","Cleared1026",2016-06-13 14:59:00,560,3,"9A3","no","moose",565681.831446343,4847527.74069956,TRUE
"411","Cleared1027",2016-06-13 16:13:00,501.3,3,"9A3","no","moose",565942.852621274,4847989.05785273,TRUE
"412","Cleared1028",2016-06-13 16:34:00,485.4,3,"9A3","no","moose",566153.203694712,4847876.73581053,TRUE
"413","Cleared1029",2016-06-13 16:57:00,504.7,3,"9A3","no","moose",566234.169309858,4847827.55640774,TRUE
"414","Cleared1030",2016-06-13 17:06:00,513,2.25,"9A3","no","moose",566226.078213573,4847831.91898404,TRUE
"415","Cleared1031",2016-06-13 17:06:00,513,2.25,"9A3","no","moose",566226.078213573,4847831.91898404,TRUE
"416","Cleared1032",2016-06-13 17:11:00,515.7,3.75,"9A3","no","moose",566234.047867943,4847839.77345037,TRUE
"417","Cleared1033",2016-06-13 17:21:00,519.1,3.25,"9A3","no","moose",566298.456430824,4847837.08175661,TRUE
"418","Cleared1034",2016-06-13 17:36:00,525.5,3,"9A3","no","moose",566274.503436661,4847817.96071462,TRUE
"419","Cleared1035",2016-06-13 17:36:00,525.5,3,"9A3","no","moose",566274.503436661,4847817.96071462,TRUE
"420","Cleared1036",2016-06-13 17:36:00,525.5,3,"9A3","no","moose",566274.503436661,4847817.96071462,TRUE
"421","Cleared1037",2016-06-13 17:40:00,514.5,3,"9A3","no","moose",566266.555893073,4847807.88491954,TRUE
"422","Cleared1038",2016-06-13 17:40:00,514.5,3,"9A3","no","moose",566266.555893073,4847807.88491954,TRUE
"423","Cleared1039",2016-06-13 17:44:00,529.6,3,"9A3","no","moose",566258.398486298,4847818.91129813,TRUE
"424","Cleared1040",2016-06-13 17:47:00,543.7,2.5,"9A3","no","moose",566298.776906392,4847804.87319006,TRUE
"425","Cleared1041",2016-06-13 17:50:00,522.4,2.5,"9A3","no","moose",566331.252244369,4847776.31689203,TRUE
"426","Cleared1042",2016-06-13 17:53:00,504.5,2.5,"9A3","no","moose",566379.866194909,4847743.47849938,TRUE
"427","Cleared1043",2016-06-13 17:53:00,504.5,2.5,"9A3","no","moose",566379.866194909,4847743.47849938,TRUE
"428","Cleared1044",2016-06-13 17:56:00,519.4,2.5,"9A3","no","moose",566404.018396455,4847742.60839604,TRUE
"429","Cleared1045",2016-06-13 17:58:00,528.4,2.5,"9A3","no","moose",566428.148461728,4847743.95966038,TRUE
"430","Cleared1046",2016-06-13 18:09:00,534.1,2.75,"9A3","no","moose",566493.001382254,4847696.84422923,TRUE
"431","Cleared1047",2016-06-13 18:17:00,525.1,2.5,"9A3","no","moose",566549.730417421,4847657.42352941,TRUE
"432","Cleared1048",2016-06-13 18:17:00,525.1,2.5,"9A3","no","moose",566549.730417421,4847657.42352941,TRUE
"433","Cleared1049",2016-06-19 08:09:00,589.6,3.5,"5C2","no","moose",521379.588506569,4837802.3648805,TRUE
"434","Cleared1050",2016-06-19 08:24:00,582.3,2.5,"5C2","no","moose",521202.122078178,4837857.33107653,TRUE
"435","Cleared1051",2016-06-19 08:29:00,599,2.25,"5C2","no","moose",521202.125601223,4837856.22045782,TRUE
"436","Cleared1052",2016-06-19 08:33:00,600.6,2.5,"5C2","no","moose",521185.990832781,4837861.7224448,TRUE
"437","Cleared1053",2016-06-19 08:43:00,566.9,2.5,"5C2","no","moose",521040.800099555,4837904.57836558,TRUE
"438","Cleared1054",2016-06-19 08:50:00,562.5,3.5,"5C2","no","moose",521040.7686329,4837914.57393473,TRUE
"439","Cleared1055",2016-06-19 08:58:00,573.4,3.5,"5C2","no","moose",520976.258707764,4837927.69872174,TRUE
"440","Cleared1056",2016-06-19 13:19:00,697.5,3.5,"5D2","no","moose",526098.320233405,4832552.5109983,TRUE
"441","Cleared1057",2016-06-19 13:21:00,701.3,2.75,"5D2","no","moose",526106.320270982,4832569.20158736,TRUE
"442","Cleared1058",2016-06-19 13:36:00,699,2.75,"5D2","no","moose",525912.528673746,4832628.42254655,TRUE
"443","Cleared1059",2016-06-20 06:32:00,535.5,2.25,"5D1","no","moose",523477.565282742,4834736.29234695,TRUE
"444","Cleared1060",2016-06-20 06:37:00,541.5,3,"5D1","no","moose",523541.923426748,4834776.50107553,TRUE
"445","Cleared1061",2016-06-20 06:41:00,542.9,3,"5D1","no","moose",523566.03992755,4834796.57727034,TRUE
"446","Cleared1062",2016-06-20 06:44:00,546.1,2.5,"5D1","no","moose",523582.148832282,4834801.07654134,TRUE
"447","Cleared1063",2016-06-20 06:50:00,549.4,2.5,"5D1","no","moose",523622.346492948,4834833.42654576,TRUE
"448","Cleared1064",2016-06-20 06:50:00,549,3,"5D1","no","moose",523622.342571494,4834834.5371593,TRUE
"449","Cleared1065",2016-06-20 06:55:00,546.1,2.75,"5D1","no","moose",523662.626256293,4834842.4539099,TRUE
"450","Cleared1066",2016-06-20 06:58:00,545.9,3.25,"5D1","no","moose",523678.691747812,4834859.17016371,TRUE
"451","Cleared1067",2016-06-20 07:03:00,554.3,2.75,"5D1","no","moose",523686.730361675,4834865.86238497,TRUE
"452","Cleared1068",2016-06-20 07:13:00,546.7,2.75,"5D1","no","moose",523855.731595216,4834951.98121725,TRUE
"453","Cleared1069",2016-06-20 07:16:00,548.4,2.75,"5D1","no","moose",523887.888767692,4834977.64040654,TRUE
"454","Cleared1070",2016-06-20 07:44:00,552.2,2.5,"5D1","no","moose",524210.206586811,4835024.33484961,TRUE
"455","Cleared1071",2016-06-20 08:02:00,549.1,2.5,"5D1","no","moose",524283.38146545,4834854.67392476,TRUE
"456","Cleared1072",2016-06-20 08:09:00,549.2,3.5,"5D1","no","moose",524307.90706793,4834761.47022318,TRUE
"457","Cleared1073",2016-06-20 08:12:00,547.8,3.5,"5D1","no","moose",524307.915138265,4834759.2489963,TRUE
"458","Cleared1074",2016-06-20 08:59:00,525.5,2.5,"5D1","no","moose",523914.099430547,4834411.31402805,TRUE
"459","Cleared1075",2016-06-20 10:22:00,580.6,2.75,"5D3","no","moose",526608.863857911,4835994.14264711,TRUE
"460","Cleared1076",2016-06-20 10:26:00,574,3.25,"5D3","no","moose",526665.608663376,4835914.40306127,TRUE
"461","Cleared1077",2016-06-20 10:31:00,565.4,3,"5D3","no","moose",526722.377001506,4835829.11088379,TRUE
"462","Cleared1078",2016-06-20 10:36:00,563.6,3.5,"5D3","no","moose",526762.624493365,4835843.7100461,TRUE
"463","Cleared1079",2016-06-20 10:38:00,557.4,4.5,"5D3","no","moose",526802.938574193,4835841.65021933,TRUE
"464","Cleared1080",2016-06-20 10:43:00,552.7,4.5,"5D3","no","moose",526851.483160425,4835797.41960732,TRUE
"465","Cleared1081",2016-06-20 12:05:00,542.5,2.5,"5D3","no","moose",526070.505282435,4835551.10135118,TRUE
"466","Cleared1082",2016-07-03 14:07:00,618.3,2.75,"2B3","no","moose",502050.732710532,4851484.7698846,TRUE
"467","Cleared1083",2016-07-06 13:05:00,526.3,3.25,"5B2","yes","moose",548172.959240908,4826962.80954166,TRUE
"468","Cleared1084",2016-07-08 09:17:00,489.6,2.25,"7B3","no","moose",535701.744159686,4931971.61002689,TRUE
"469","Cleared1085",2016-07-08 09:32:00,492.2,2.75,"7B3","no","moose",535606.327037695,4931986.63722414,TRUE
"470","Cleared1086",2016-07-09 09:12:00,523,3.75,"12B2","no","moose",584391.01292156,4943505.34309112,TRUE
"471","Cleared1087",2016-07-09 09:17:00,523.4,3.5,"12B2","no","moose",584391.041916129,4943503.12147984,TRUE
"472","Cleared1087",2016-07-09 09:48:00,525.2,3.75,"12B2","no","moose",584091.204381156,4943381.44991334,TRUE
"473","Cleared1088",2016-07-09 11:07:00,550.6,2.75,"12B2","no","moose",583734.069322944,4943395.70235165,TRUE
"474","Cleared1089",2016-07-09 11:43:00,575,2.25,"12B2","no","moose",583680.359746824,4943868.28962164,TRUE
"475","Cleared1090",2016-07-09 12:25:00,576.5,3,"12B2","no","moose",583763.448052202,4944189.33152035,TRUE
"476","Cleared1091",2016-07-09 12:51:00,575,2.5,"12B2","no","moose",583867.271732872,4944134.01690806,TRUE
"477","Cleared1092",2016-07-09 12:57:00,564.2,2.5,"12B2","no","moose",583875.475525738,4944113.0144595,TRUE
"478","Cleared1093",2016-07-09 13:32:00,544.6,3,"12B2","no","moose",584130.276285196,4944036.33362262,TRUE
"479","Cleared1094",2016-07-09 14:11:00,514.7,2.75,"12B2","no","moose",584569.29402339,4943823.19517076,TRUE
"480","Cleared1095",2016-07-10 08:14:00,574,3.75,"12B3","no","moose",582874.072031711,4946128.76942755,TRUE
"481","Cleared1096",2016-07-10 09:40:00,535.6,2.75,"12B3","no","moose",582117.746185779,4945748.04185575,TRUE
"482","Cleared1097",2016-07-10 09:48:00,560.7,3,"12B3","no","moose",582166.542841626,4945652.00614142,TRUE
"483","Cleared1098",2016-07-10 10:05:00,588,3,"12B3","no","moose",582224.47049145,4945461.65290411,TRUE
"484","Cleared1099",2016-07-10 10:44:00,594.8,3,"12B3","no","moose",582330.368898971,4945240.80341896,TRUE
"485","Cleared1100",2016-07-10 10:50:00,597.4,2.75,"12B3","no","moose",582338.297490253,4945240.90442961,TRUE
"486","Cleared1101",2016-07-10 10:59:00,605.5,2.75,"12B3","no","moose",582424.307753838,4945336.43491934,TRUE
"487","Cleared1102",2016-07-11 09:05:00,428.9,3,"7A3","no","moose",546200.750789989,4939196.16400645,TRUE
"488","Cleared1103",2016-07-11 09:24:00,423.3,3.75,"7A3","no","moose",546447.135342128,4939144.60580854,TRUE
"489","Cleared1104",2016-07-11 09:26:00,425.9,2.75,"7A3","no","moose",546463.038458473,4939140.27649395,TRUE
"490","Cleared1105",2016-07-11 09:32:00,448,4.75,"7A3","no","moose",546487.220154237,4939088.2399275,TRUE
"491","Cleared1106",2016-07-11 10:33:00,388.4,2.5,"7A3","no","moose",546132.622926382,4938733.56342822,TRUE
"492","Cleared1106",2016-07-16 06:38:00,505.2,2.5,"12B5","no","moose",583333.13929689,4948034.47842437,TRUE
"493","Cleared1107",2016-07-16 06:41:00,503.7,2,"12B5","no","moose",583357.043895354,4948024.78799302,TRUE
"494","Cleared1108",2016-07-16 06:46:00,509.2,2.5,"12B5","no","moose",583380.919878933,4948017.31927589,TRUE
"495","Cleared1109",2016-07-16 06:48:00,509,2.5,"12B5","no","moose",583396.741587094,4948019.7456016,TRUE
"496","Cleared1110",2016-07-16 06:53:00,508.4,2.75,"12B5","no","moose",583444.393262281,4948012.58423974,TRUE
"497","Cleared1111",2016-07-16 06:55:00,505.1,2.5,"12B5","no","moose",583452.160549163,4948024.9056083,TRUE
"498","Cleared1112",2016-07-16 06:56:00,503,2.5,"12B5","no","moose",583459.870374296,4948041.67024006,TRUE
"499","Cleared1113",2016-07-16 06:58:00,499.4,2.5,"12B5","no","moose",583468.054012388,4948021.77804276,TRUE
"500","Cleared1114",2016-07-16 07:02:00,502.8,2.5,"12B5","no","moose",583475.763800821,4948038.54269391,TRUE
"501","Cleared1115",2016-07-16 07:04:00,510.6,3.5,"12B5","no","moose",583483.732063133,4948035.31271548,TRUE
"502","Cleared1116",2016-07-16 07:06:00,511.7,3.5,"12B5","no","moose",583491.427430493,4948053.18819978,TRUE
"503","Cleared1117",2016-07-16 07:08:00,508.7,2.5,"12B5","no","moose",583491.441793838,4948052.07738644,TRUE
"504","Cleared1118",2016-07-16 07:10:00,509.3,2.5,"12B5","no","moose",583491.255070155,4948066.51795991,TRUE
"505","Cleared1119",2016-07-16 07:11:00,509.6,4,"12B5","no","moose",583491.269433531,4948065.40714655,TRUE
"506","Cleared1120",2016-07-16 07:12:00,510.5,2.5,"12B5","no","moose",583491.255070155,4948066.51795991,TRUE
"507","Cleared1121",2016-07-16 07:15:00,512.1,3.5,"12B5","no","moose",583499.366953955,4948052.17986739,TRUE
"508","Cleared1122",2016-07-16 07:17:00,512.6,3.75,"12B5","no","moose",583499.366953955,4948052.17986739,TRUE
"509","Cleared1123",2016-07-16 07:57:00,535.8,3,"12B5","no","moose",584173.541357027,4948019.82621562,TRUE
"510","Cleared1124",2016-07-16 08:09:00,548.9,3.5,"12B5","no","moose",584112.049637384,4947872.37268583,TRUE
"511","Cleared1125",2016-07-16 08:15:00,564.6,3.25,"12B5","no","moose",584097.356171472,4947783.30119777,TRUE
"512","Cleared1126",2016-07-16 08:18:00,569.2,3.75,"12B5","no","moose",584082.011396636,4947744.21633625,TRUE
"513","Cleared1127",2016-07-16 08:21:00,570.7,3.75,"12B5","no","moose",584066.579663447,4947711.79639262,TRUE
"514","Cleared1128",2016-07-16 08:24:00,570.2,3.5,"12B5","no","moose",584050.988732622,4947691.59542956,TRUE
"515","Cleared1129",2016-07-16 08:25:00,570,3.75,"12B5","no","moose",584058.914344341,4947691.69859142,TRUE
"516","Cleared1130",2016-07-16 08:28:00,568.4,3.5,"12B5","no","moose",584043.294425965,4947673.71927387,TRUE
"517","Cleared1131",2016-07-16 08:30:00,567.4,3.5,"12B5","no","moose",584043.279969418,4947674.83008657,TRUE
"518","Cleared1132",2016-07-16 08:32:00,566.3,2.75,"12B5","no","moose",584019.792121558,4947652.3044348,TRUE
"519","Cleared1133",2016-07-16 08:35:00,564.9,2.75,"12B5","no","moose",584019.64759737,4947663.4125616,TRUE
"520","Cleared1134",2016-07-16 08:37:00,563.6,2.75,"12B5","no","moose",584011.895364206,4947649.97969627,TRUE
"521","Cleared1135",2016-07-16 08:39:00,562.5,2.75,"12B5","no","moose",584011.953168334,4947645.53644562,TRUE
"522","Cleared1136",2016-07-16 08:42:00,560.7,2.75,"12B5","no","moose",584027.847864811,4947642.41024376,TRUE
"523","Cleared1137",2016-07-16 08:45:00,559.8,2.75,"12B5","no","moose",584043.438991293,4947662.61114688,TRUE
"524","Cleared1138",2016-07-16 08:47:00,558.9,2.5,"12B5","no","moose",584059.290285638,4947662.81746085,TRUE
"525","Cleared1139",2016-07-16 08:51:00,558.3,2.5,"12B5","no","moose",584051.610422112,4947643.83048355,TRUE
"526","Cleared1140",2016-07-16 08:55:00,558.4,3,"12B5","no","moose",583996.838693045,4947588.67880532,TRUE
"527","Cleared1141",2016-07-16 08:58:00,558.9,2.75,"12B5","no","moose",583997.040967148,4947573.12742964,TRUE
"528","Cleared1143",2016-07-16 09:12:00,560.9,2.75,"12B5","no","moose",583973.725906451,4947537.27220679,TRUE
"529","Cleared1144",2016-07-16 09:14:00,560.8,2.75,"12B5","no","moose",583973.682574563,4947540.60464422,TRUE
"530","Cleared1145",2016-07-16 09:16:00,560.7,2.75,"12B5","no","moose",583981.651706318,4947537.37527129,TRUE
"531","Cleared1147",2016-07-16 09:20:00,561.6,3,"12B5","no","moose",583997.589994311,4947530.91655466,TRUE
"532","Cleared1149",2016-07-16 09:29:00,558.7,2.5,"12B5","no","moose",583881.54505728,4947310.54129956,TRUE
"533","Cleared1150",2016-07-16 09:30:00,557,2.5,"12B5","no","moose",583873.71996056,4947302.66267709,TRUE
"534","Cleared1151",2016-07-16 09:34:00,559.2,2.5,"12B5","no","moose",583873.71996056,4947302.66267709,TRUE
"535","Cleared1152",2016-07-16 09:44:00,545.4,2.5,"12B5","no","moose",583803.27881227,4947232.8663291,TRUE
"536","Cleared1153",2016-07-16 09:47:00,537.1,2.5,"12B5","no","moose",583795.208522486,4947243.8716081,TRUE
"537","Cleared1154",2016-07-16 09:50:00,537.2,2.75,"12B5","no","moose",583771.141894206,4947265.77938439,TRUE
"538","Cleared1155",2016-07-16 09:52:00,537.4,2.75,"12B5","no","moose",583763.14373181,4947271.23064275,TRUE
"539","Cleared1156",2016-07-16 09:55:00,537.9,2.75,"12B5","no","moose",583755.27522953,4947266.68460274,TRUE
"540","Cleared1157",2016-07-16 09:59:00,539.5,2.5,"12B5","no","moose",583747.291485934,4947271.02506855,TRUE
"541","Cleared1158",2016-07-16 10:00:00,539.7,2.5,"12B5","no","moose",583747.277082126,4947272.13588056,TRUE
"542","Cleared1159",2016-07-16 10:03:00,539.8,2.5,"12B5","no","moose",583747.089832395,4947286.57643691,TRUE
"543","Cleared1160",2016-07-16 10:04:00,544,2.5,"12B5","no","moose",583755.001531036,4947287.79003119,TRUE
"544","Cleared1161",2016-07-16 10:06:00,544.4,2.5,"12B5","no","moose",583754.91509974,4947294.45490348,TRUE
"545","Cleared1162",2016-07-16 10:07:00,543.6,2.75,"12B5","no","moose",583754.900694515,4947295.56571553,TRUE
"546","Cleared1163",2016-07-16 10:13:00,534.2,2.5,"12B5","no","moose",583770.637616693,4947304.65780572,TRUE
"547","Cleared1164",2016-07-16 10:14:00,534.6,3,"12B5","no","moose",583770.72406449,4947297.99293333,TRUE
"548","Cleared1165",2016-07-16 10:15:00,535.4,3,"12B5","no","moose",583762.855600631,4947293.4468834,TRUE
"549","Cleared1166",2016-07-16 10:18:00,535,3,"12B5","no","moose",583762.68272143,4947306.77662816,TRUE
"550","Cleared1167",2016-07-16 10:24:00,532.5,4,"12B5","no","moose",583762.538655147,4947317.88474899,TRUE
"551","Cleared1168",2016-07-16 10:31:00,532.9,2.75,"12B5","no","moose",583770.493536825,4947315.76592653,TRUE
"552","Cleared1169",2016-07-16 10:34:00,534.9,2.75,"12B5","no","moose",583770.335048675,4947327.98485963,TRUE
"553","Cleared1170",2016-07-16 10:36:00,538.4,3,"12B5","no","moose",583770.349456701,4947326.87404752,TRUE
"554","Cleared1171",2016-07-16 10:40:00,538.8,2.75,"12B5","no","moose",583762.336961919,4947333.43611848,TRUE
"555","Cleared1172",2016-07-16 10:41:00,536.6,2.75,"12B5","no","moose",583762.207301721,4947343.43342764,TRUE
"556","Cleared1173",2016-07-16 10:45:00,538.8,2.5,"12B5","no","moose",583746.369637078,4947342.11704124,TRUE
"557","Cleared1174",2016-07-16 10:49:00,543.7,2.5,"12B5","no","moose",583722.735528759,4947330.70063159,TRUE
"558","Cleared1175",2016-07-16 10:52:00,541.2,2.5,"12B5","no","moose",583722.649129587,4947337.3655043,TRUE
"559","Cleared1176",2016-07-16 10:56:00,538.8,2.5,"12B5","no","moose",583730.632775613,4947333.02500889,TRUE
"560","Cleared1177",2016-07-16 10:58:00,535.1,2.25,"12B5","no","moose",583706.609884301,4947351.60058511,TRUE
"561","Cleared1178",2016-07-16 11:03:00,532.8,2.5,"12B5","no","moose",583674.301336239,4947397.84385974,TRUE
"562","Cleared1179",2016-07-16 11:06:00,530.5,3.5,"12B5","no","moose",583658.10406486,4947424.29799342,TRUE
"563","Cleared1180",2016-07-16 11:08:00,528.5,3.25,"12B5","no","moose",583657.859448706,4947443.18180228,TRUE
"564","Cleared1181",2016-07-16 11:11:00,531,2.5,"12B5","no","moose",583665.641453053,4947454.39260069,TRUE
"565","Cleared1182",2016-07-16 11:13:00,534.7,3,"12B5","no","moose",583665.526328199,4947463.27909932,TRUE
"566","Cleared1183",2016-07-16 11:17:00,542.1,2.5,"12B5","no","moose",583673.380253908,4947468.93584605,TRUE
"567","Cleared1184",2016-07-16 11:17:00,542.4,2.5,"12B5","no","moose",583673.365861913,4947470.0466584,TRUE
"568","Cleared1185",2016-07-16 11:19:00,542.9,2.5,"12B5","no","moose",583673.365861913,4947470.0466584,TRUE
"569","Cleared1186",2016-07-16 11:20:00,543.5,2.5,"12B5","no","moose",583657.672388793,4947457.62236237,TRUE
"570","Cleared1187",2016-07-16 11:23:00,544.6,2.75,"12B5","no","moose",583649.789659958,4947454.18725984,TRUE
"571","Cleared1188",2016-07-16 11:26:00,544.1,2.25,"12B5","no","moose",583649.847211416,4947449.74401057,TRUE
"572","Cleared1189",2016-07-16 11:29:00,535.4,2.25,"12B5","no","moose",583625.566071967,4947488.31450434,TRUE
"573","Cleared1190",2016-07-16 11:33:00,513.1,2.25,"12B5","no","moose",583641.460940245,4947485.18734972,TRUE
"574","Cleared1191",2016-07-16 11:37:00,518.2,3.5,"12B5","no","moose",583633.506311453,4947487.30632835,TRUE
"575","Cleared1192",2016-07-16 11:41:00,533.7,2.5,"12B5","no","moose",583593.89141174,4947485.68243135,TRUE
"576","Cleared1193",2016-07-16 11:43:00,538,2.5,"12B5","no","moose",583593.862654937,4947487.9040561,TRUE
"577","Cleared1194",2016-07-16 13:41:00,469.1,3,"12B4","no","moose",587482.387675059,4943079.804547,TRUE
"578","Cleared1196",2016-07-16 14:09:00,470.6,3.25,"12B4","no","moose",587760.436358147,4943050.24150388,TRUE
"579","Cleared1197",2016-07-16 14:13:00,471.6,3.25,"12B4","no","moose",587760.737835171,4943028.02540396,TRUE
"580","Cleared1198",2016-07-16 14:32:00,460.4,2,"12B4","no","moose",587745.372388409,4942991.15359929,TRUE
"581","Cleared1199",2016-07-16 14:45:00,475.4,2.75,"12B4","no","moose",587709.16481536,4942736.24139058,TRUE
"582","Cleared1200",2016-07-16 14:51:00,473.6,2.5,"12B4","no","moose",587694.762200247,4942628.27825993,TRUE
"583","Cleared1201",2016-07-16 14:57:00,472.3,2.5,"12B4","no","moose",587672.276451497,4942531.31570899,TRUE
"584","Cleared1202",2016-07-16 15:00:00,471.7,2.75,"12B4","no","moose",587672.29150777,4942530.20490486,TRUE
"585","Cleared1203",2016-07-16 15:03:00,468.4,2.75,"12B4","no","moose",587656.833942911,4942499.99818657,TRUE
"586","Cleared1204",2016-07-22 11:17:00,613.8,2,"2B3","no","moose",501841.638701778,4851483.59809747,TRUE
"587","Cleared1205",2016-07-25 11:50:00,523.1,3,"5B2","no","moose",548173.06294255,4826948.37171788,TRUE
"588","Cleared1206",2016-07-27 06:58:00,428.4,3.5,"7A1","no","moose",548327.745618431,4942363.20542741,TRUE
"589","Cleared1207",2016-07-27 07:34:00,394.9,3.75,"7A1","no","moose",548389.005146097,4942656.93175503,TRUE
"590","Cleared1208",2016-07-27 07:39:00,391.4,3.75,"7A1","no","moose",548349.232252081,4942672.18641939,TRUE
"591","Cleared1209",2016-07-27 08:05:00,414.8,3.5,"7A1","no","moose",547849.050276981,4942737.34016575,TRUE
"592","Cleared1210",2016-07-27 10:48:00,434.7,2.5,"7A3","no","moose",546335.885681336,4939164.91492905,TRUE
"593","Cleared1211",2016-07-27 10:53:00,434.6,2,"7A3","no","moose",546399.450004353,4939154.2615954,TRUE
"594","Cleared1212",2016-07-28 07:26:00,531.9,3.5,"12B2","no","moose",584280.098195052,4943495.00852361,TRUE
"595","Cleared1213",2016-07-28 07:45:00,541.4,3.5,"12B2","no","moose",584028.031426709,4943359.51983689,TRUE
"596","Cleared1214",2016-07-28 08:27:00,560.1,3.25,"12B2","no","moose",583683.910754079,4943593.92054086,TRUE
"597","Cleared1215",2016-07-28 09:10:00,587.3,2,"12B2","no","moose",583694.652950089,4943989.57281066,TRUE
"598","Cleared1216",2016-07-28 09:37:00,578.3,2,"12B2","no","moose",583843.078439303,4944164.81091986,TRUE
"599","Cleared1217",2016-07-28 09:53:00,573.8,2.5,"12B2","no","moose",583978.839679253,4944093.24743483,TRUE
"600","Cleared1218",2016-07-28 10:27:00,541.9,2.25,"12B2","no","moose",584297.764254828,4943965.18962117,TRUE
"601","Cleared1219",2016-07-30 08:49:00,495.2,2.75,"7B3","no","moose",535654.078262298,4931971.34796207,TRUE
"602","Cleared1220",2016-07-30 09:04:00,492.4,2.5,"7B3","no","moose",535558.594301414,4931998.59448441,TRUE
"603","Cleared1221",2016-07-31 09:35:00,440.1,2,"3A1","no","moose",510250.500388085,4899988.29745017,TRUE
"604","Cleared1222",2016-08-03 08:31:00,681.7,3,"11C1","no","moose",586938.786901839,4899880.32023107,TRUE
"605","Cleared1223",2016-08-03 08:43:00,689.4,2,"11C1","no","moose",586930.095761952,4899933.52947607,TRUE
"606","Cleared1224",2016-08-03 08:57:00,668.4,3.25,"11C1","no","moose",586665.564632783,4900010.013488,TRUE
"607","Cleared1225",2016-08-04 07:25:00,514.2,3.5,"12B5","no","moose",583341.23652462,4948021.25095131,TRUE
"608","Cleared1226",2016-08-04 07:46:00,529.3,2.5,"12B5","no","moose",583895.971352625,4948030.65679981,TRUE
"609","Cleared1227",2016-08-04 08:06:00,563.2,2.75,"12B5","no","moose",584189.029696561,4948047.8031938,TRUE
"610","Cleared1228",2016-08-04 08:12:00,540.6,3,"12B5","no","moose",584197.925341292,4947973.48204079,TRUE
"611","Cleared1229",2016-08-04 08:29:00,536.8,2.5,"12B5","no","moose",584051.003190571,4947690.48461682,TRUE
"612","Cleared1230",2016-08-04 08:36:00,539.7,2.5,"12B5","no","moose",584043.670295282,4947644.8381441,TRUE
"613","Cleared1231",2016-08-04 08:40:00,542.6,3.5,"12B5","no","moose",584012.69016735,4947588.88500247,TRUE
"614","Cleared1232",2016-08-04 08:44:00,541.8,3.5,"12B5","no","moose",583981.478362262,4947550.70502112,TRUE
"615","Cleared1233",2016-08-04 08:55:00,540.1,2,"12B5","no","moose",583889.802987292,4947285.09556975,TRUE
"616","Cleared1234",2016-08-04 09:09:00,556.6,2.25,"12B5","no","moose",583770.940183578,4947281.33075265,TRUE
"617","Cleared1235",2016-08-04 09:11:00,551.5,2.75,"12B5","no","moose",583755.073557045,4947282.23597101,TRUE
"618","Cleared1236",2016-08-04 09:15:00,550.3,2.75,"12B5","no","moose",583755.044746649,4947284.45759508,TRUE
"619","Cleared1237",2016-08-04 09:19:00,542.7,3,"12B5","no","moose",583786.54742356,4947300.42019006,TRUE
"620","Cleared1238",2016-08-04 09:29:00,541.7,2.75,"12B5","no","moose",583746.48486876,4947333.23054423,TRUE
"621","Cleared1239",2016-08-04 09:38:00,540.4,2.5,"12B5","no","moose",583609.656838902,4947492.55251029,TRUE
"622","Cleared1240",2016-08-04 09:43:00,534.1,2.5,"12B5","no","moose",583601.558432584,4947505.77965183,TRUE
"623","Cleared1241",2016-08-06 15:16:00,487.1,3.25,"10C1","no","moose",577744.990780031,4860017.47800673,TRUE
"624","Cleared1242",2016-08-18 09:46:00,432.1,2.75,"7A3","no","moose",546256.474230431,4939172.1230889,TRUE
"625","Cleared1243",2016-08-18 10:04:00,422.4,2.5,"7A3","no","moose",546510.708041928,4939132.84276776,TRUE
"626","Cleared1244",2016-08-19 09:28:00,570.6,3,"12B2","no","moose",583693.696075805,4943450.72925762,TRUE
"627","Cleared1245",2016-08-19 09:53:00,574.2,3.25,"12B2","no","moose",583714.39645401,4943689.86047963,TRUE
"628","Cleared1246",2016-08-19 10:41:00,592.9,3.5,"12B2","no","moose",583747.688972336,4944181.35039872,TRUE
"629","Cleared1247",2016-08-19 10:51:00,583.4,2.5,"12B2","no","moose",583835.220527451,4944159.15404692,TRUE
"630","Cleared1248",2016-08-19 11:07:00,570.3,3.25,"12B2","no","moose",584002.673056521,4944090.22408724,TRUE
"631","Cleared1249",2016-08-19 14:27:00,608.7,2.5,"12B3","no","moose",582361.474531163,4945288.9722876,TRUE
"632","Cleared1250",2016-08-19 15:05:00,590.2,3,"12B3","no","moose",582604.334020725,4945520.93596169,TRUE
"633","Cleared1251",2016-08-19 15:20:00,565.4,4.25,"12B3","no","moose",582815.421400681,4945755.83498537,TRUE
"634","Cleared1252",2016-08-22 13:19:00,478.5,2.5,"3A3","no","moose",508259.922056423,4902164.7411812,TRUE
"635","Cleared1253",2016-08-25 07:03:00,445.5,2.75,"7A1","no","moose",548296.358919473,4942317.42555772,TRUE
"636","Cleared1254",2016-08-25 08:42:00,474.3,2,"7A1","no","moose",547766.392164138,4942115.75665557,TRUE
"637","Cleared1255",2016-08-25 12:21:00,680.4,3.25,"11C1","no","moose",586762.23949768,4899945.747692,TRUE
"638","Cleared1256",2016-08-27 08:16:00,509.8,3,"12B5","no","moose",583460.071384165,4948026.11885388,TRUE
"639","Cleared1257",2016-08-27 08:50:00,545.7,2.75,"12B5","no","moose",584135.695549477,4947882.67975185,TRUE
"640","Cleared1258",2016-08-27 08:57:00,539.8,2.75,"12B5","no","moose",584058.76975107,4947702.8067189,TRUE
"641","Cleared1259",2016-08-27 09:00:00,532.4,2.75,"12B5","no","moose",584035.339882065,4947675.83775689,TRUE
"642","Cleared1260",2016-08-27 09:17:00,549.1,2.5,"12B5","no","moose",583866.212178842,4947270.34619964,TRUE
"643","Cleared1261",2016-08-27 09:26:00,561,2.75,"12B5","no","moose",583794.804987628,4947274.97434396,TRUE
"644","Cleared1262",2016-08-27 09:41:00,570.7,3.75,"12B5","no","moose",583738.47240662,4947339.79264444,TRUE
"645","Cleared1263",2016-06-17 10:48:00,493.4,1.2,"3B3","no","moose",503423.593568873,4886999.12469926,TRUE
"646","Cleared1264",2016-07-25 08:54:00,534.4,3.25,"5B3","no","moose",545382.384641134,4826603.48689561,TRUE
"647","M0001",2016-07-04 08:56:00,502.9,2,"10A2","yes","moose",574240.725734167,4870201.25785843,TRUE
"648","M0002",2016-07-06 07:39:00,480.4,1.8,"9B1","yes","moose",557213.789088585,4839264.81197242,TRUE
"649","M0003",2016-07-06 07:45:00,477.4,1,"9B1","yes","moose",557205.731923851,4839264.74297889,TRUE
"650","M0004",2016-07-08 07:39:00,469.6,0.8,"7A2","yes","moose",549800.440544609,4939619.42890065,TRUE
"651","M0005",2016-07-08 07:52:00,471.8,0.9,"7A2","yes","moose",549792.590914518,4939608.25988698,TRUE
"653","M0007",2016-07-08 08:21:00,469.4,0.9,"7A2","yes","moose",549516.392379826,4939406.1861863,TRUE
"654","M0008",2016-07-08 08:43:00,457.3,1.3,"7A2","yes","moose",549358.448044976,4939305.00255783,TRUE
"655","M0009",2016-07-08 08:52:00,448.2,1,"7A2","yes","moose",549319.024654025,4939271.37628278,TRUE
"656","M0010",2016-07-08 09:10:00,461.8,0.9,"7A2","yes","moose",549293.94957988,4939437.81457354,TRUE
"658","M0012",2016-07-08 10:12:00,465,1.2,"7A2","yes","moose",549479.30198286,4940105.746222,TRUE
"660","M0014",2016-07-13 07:28:00,599.8,1.2,"5C2","yes","moose",521371.504999635,4837810.11343901,TRUE
"661","M0015",2016-07-13 08:11:00,574.8,1.9,"5C2","yes","moose",521072.880123712,4837953.5471466,TRUE
"662","M0016",2016-07-13 08:31:00,586.8,1.6,"5C2","yes","moose",521032.692645828,4837920.10166491,TRUE
"663","M0017",2016-07-13 08:46:00,637.9,1.6,"5C2","yes","moose",520976.317962751,4837908.81820204,TRUE
"664","M0018",2016-07-13 08:54:00,586,1.1,"5C2","yes","moose",520960.200924874,4837908.76763953,TRUE
"665","M0019",2016-07-13 13:57:00,696.6,1.3,"5D2","yes","moose",526130.454518931,4832584.84451283,TRUE
"666","M0020",2016-07-14 07:55:00,658,1.2,"12A2","yes","moose",586534.821550725,4951038.56077234,TRUE
"667","M0021",2016-07-14 09:46:00,589.1,1.2,"12A2","yes","moose",585643.184118444,4951359.96606523,TRUE
"668","M0022",2016-07-14 09:54:00,576.7,1.2,"12A2","yes","moose",585643.036629854,4951371.07425551,TRUE
"669","M0023",2016-07-14 09:58:00,568.8,1.1,"12A2","yes","moose",585643.036629854,4951371.07425551,TRUE
"670","M0024",2016-07-14 10:16:00,568.6,1,"12A2","yes","moose",585650.957750435,4951371.17943286,TRUE
"671","M0025",2016-07-14 10:31:00,565.7,1.1,"12A2","yes","moose",585650.662745178,4951393.39581401,TRUE
"672","M0026",2016-07-14 10:43:00,576,1.1,"12A2","yes","moose",585626.162152245,4951448.62126723,TRUE
"673","M0027",2016-07-14 10:54:00,578.5,1.1,"12A2","yes","moose",585626.162152245,4951448.62126723,TRUE
"674","M0028",2016-07-25 08:47:00,618.9,1.4,"12B1","yes","moose",585061.214976237,4945619.46939991,TRUE
"675","M0029",2016-07-25 09:27:00,621.9,0.9,"12B1","yes","moose",585266.467970003,4945688.83467463,TRUE
"676","M0030",2016-07-25 09:40:00,622,0.9,"12B1","yes","moose",585267.34743019,4945622.18611501,TRUE
"677","M0031",2016-07-25 10:02:00,627.7,1.1,"12B1","yes","moose",585283.643581256,4945589.07108822,TRUE
"678","M0032",2016-07-25 11:46:00,568.8,1.4,"12B1","yes","moose",585154.13314778,4945187.40250739,TRUE
"679","M0033",2016-07-25 12:14:00,561,1.2,"12B1","yes","moose",585101.264970234,4944986.72595611,TRUE
"680","M0034",2016-07-25 12:32:00,534.7,1.1,"12B1","yes","moose",585024.897932521,4944763.52083223,TRUE
"681","M0035",2016-07-25 12:52:00,543.1,1.3,"12B1","yes","moose",585032.242618238,4944808.05745457,TRUE
"682","M0036",2016-07-29 11:21:00,540.1,1.4,"9A3","yes","moose",566355.249474208,4847790.99557616,TRUE
"683","M0037",2016-07-29 11:27:00,540.3,1,"9A3","yes","moose",566355.249474208,4847790.99557616,TRUE
"684","M0038",2016-07-29 11:33:00,538.5,1.2,"9A3","yes","moose",566355.249474208,4847790.99557616,TRUE
"685","M0039",2016-07-29 12:08:00,542.7,1.2,"9A3","yes","moose",566470.344619362,4847547.77762434,TRUE
"686","M0040",2016-07-29 12:18:00,527.9,1.2,"9A3","yes","moose",566438.709148129,4847491.92463163,TRUE
"687","M0041",2016-07-29 12:25:00,524.3,1.1,"9A3","yes","moose",566438.709148129,4847491.92463163,TRUE
"688","M0042",2016-07-29 12:40:00,535.1,0.9,"9A3","yes","moose",566398.915056516,4847447.09800727,TRUE
"689","M0043",2016-07-29 12:38:00,534.4,0.9,"9A3","yes","moose",566398.915056516,4847447.09800727,TRUE
"690","M0044",2016-07-29 12:59:00,520.5,1,"9A3","yes","moose",566343.136080969,4847391.00498428,TRUE
"691","M0045",2016-07-29 13:17:00,503.8,1.2,"9A3","yes","moose",566199.053910019,4847311.81972433,TRUE
"692","M0046",2016-07-29 13:25:00,502.8,1.2,"9A3","yes","moose",566199.053910019,4847311.81972433,TRUE
"693","M0047",2016-07-29 13:34:00,501.7,1.2,"9A3","yes","moose",566182.848484886,4847322.76625657,TRUE
"694","M0048",2016-08-02 10:34:00,537.9,1.1,"5D1","yes","moose",524324.338597346,4834677.1222119,TRUE
"695","M0049",2016-08-02 10:49:00,544.7,1.2,"5D1","yes","moose",524324.257841429,4834699.3344782,TRUE
"696","M0050",2016-08-02 10:57:00,541.6,1.1,"5D1","yes","moose",524340.382646692,4834699.39312181,TRUE
"697","M0051",2016-08-02 12:19:00,539.4,1.3,"5D1","yes","moose",523710.846106761,4834885.93910752,TRUE
"698","M0052",2016-08-02 12:38:00,549.3,1,"5D1","yes","moose",523630.381271086,4834841.22931226,TRUE
"699","M0053",2016-08-02 12:52:00,553.4,1.1,"5D1","yes","moose",523606.233773885,4834830.03779087,TRUE
"700","M0054",2016-08-02 15:23:00,552.2,0.9,"5D3","yes","moose",526463.320223418,4836106.84973869,TRUE
"701","M0055",2016-08-02 16:23:00,537.4,1.2,"5D3","yes","moose",526827.166238476,4835830.64102374,TRUE
"702","M0056",2016-08-02 16:32:00,544.6,1.3,"5D3","yes","moose",526819.149721848,4835819.50253984,TRUE
"703","M0057",2016-08-02 16:41:00,530.9,1.1,"5D3","yes","moose",526819.149721848,4835819.50253984,TRUE
"704","M0058",2016-08-02 17:05:00,543.1,0.9,"5D3","yes","moose",526819.149721848,4835819.50253984,TRUE
"705","M0059",2016-08-02 17:14:00,558.2,0.9,"5D3","yes","moose",526827.255335718,4835808.42871494,TRUE
"706","M0060",2016-08-02 17:21:00,548.6,2.2,"5D3","yes","moose",526835.227290383,4835830.67336287,TRUE
"707","M0061",2016-08-02 17:32:00,550.9,1.4,"5D3","yes","moose",526835.227290383,4835830.67336287,TRUE
"708","M0062",2016-08-02 19:21:00,555.9,1.7,"5D3","yes","moose",526062.40495004,4835561.06546961,TRUE
"709","M0063",2016-08-02 19:27:00,555.3,1.5,"5D3","yes","moose",526070.379745746,4835583.30918483,TRUE
"711","M0065",2016-08-04 07:41:00,442.2,1.4,"12B4","yes","moose",587260.835088247,4943037.9260668,TRUE
"712","M0066",2016-08-04 08:25:00,493.3,1.3,"12B4","yes","moose",587775.771412456,4943089.334961,TRUE
"714","M0068",2016-08-04 09:16:00,463.6,1.1,"12B4","yes","moose",587649.217995057,4942476.56381222,TRUE
"715","M0069",2016-08-12 09:43:00,526.5,1.8,"10B2","yes","moose",584773.254775894,4865762.18930571,TRUE
"716","M0070",2016-08-12 13:28:00,530.1,1.6,"10B3","yes","moose",578088.257144285,4865657.81627144,TRUE
"717","M0071",2016-08-12 13:35:00,520.9,1.4,"10B3","yes","moose",578088.388037408,4865646.70954707,TRUE
"718","M0072",2016-08-12 13:40:00,524.5,1.9,"10B3","yes","moose",578088.257144285,4865657.81627144,TRUE
"719","M0073",2016-08-12 14:42:00,484.2,1.2,"10B3","yes","moose",579007.009560943,4865346.56675635,TRUE
"720","M0074",2016-08-17 09:12:00,466.3,0.9,"7A2","yes","moose",549413.657059547,4939349.85815998,TRUE
"721","M0075",2016-08-17 09:30:00,458.4,0.8,"7A2","yes","moose",549293.94957988,4939437.81457354,TRUE
"722","M0076",2016-08-17 09:46:00,459.4,0.9,"7A2","yes","moose",549228.271138754,4939726.13892778,TRUE
"723","M0077",2016-08-17 10:40:00,464.7,1.2,"7A2","yes","moose",550019.961564706,4939965.48926313,TRUE
"725","M0079",2016-08-20 10:50:00,509.7,1.6,"9A3","yes","moose",565894.374454212,4848008.57171768,TRUE
"726","M0080",2016-08-20 11:32:00,484,1.1,"9A3","yes","moose",566039.765790906,4847954.47373526,TRUE
"727","M0081",2016-08-20 11:58:00,501.7,1.2,"9A3","yes","moose",566266.511711087,4847812.32748035,TRUE
"728","M0082",2016-08-20 12:22:00,511.8,0.9,"9A3","yes","moose",566307.078075544,4847779.40853805,TRUE
"729","M0083",2016-08-23 13:47:00,592.8,1.6,"5C2","yes","moose",521105.254266205,4837909.22410127,TRUE
"730","M0084",2016-08-26 09:35:00,532.7,1.3,"10B4","yes","moose",579615.311042557,4863487.65146947,TRUE
"731","M0085",2016-08-26 09:57:00,537.8,1.2,"10B4","yes","moose",579347.057551548,4863762.14295135,TRUE
"732","M0086",2016-08-26 10:40:00,463.4,1.4,"10B4","yes","moose",579023.295405408,4863980.44157632,TRUE
"733","M0087",2016-08-26 13:16:00,504.8,0.9,"10B5","yes","moose",581784.866454299,4864658.221499,TRUE
"734","M0088",2016-08-26 13:44:00,518.2,1,"10B5","yes","moose",581714.81589569,4864479.62313022,TRUE
"735","M0089",2016-08-26 13:51:00,504,1.3,"10B5","yes","moose",581626.245034776,4864500.7486309,TRUE
"736","M0090",2016-08-26 14:05:00,501.2,1.3,"10B5","yes","moose",581578.493101149,4864466.83558834,TRUE
"737","M0091",2016-08-26 14:10:00,502,1,"10B5","yes","moose",581578.356409305,4864477.94229755,TRUE
"738","M0092",2016-08-26 15:07:00,513.9,1.1,"10B5","yes","moose",581132.519261755,4864827.93833138,TRUE
"739","M0093",2016-08-26 15:15:00,518.3,0.9,"10B5","yes","moose",581068.034776875,4864849.36602754,TRUE
"740","M0094",2016-08-26 15:34:00,509.6,1,"10B5","yes","moose",581305.01661689,4865163.30383868,TRUE
"741","M0095",2016-08-27 10:27:00,469.8,1.4,"10C1","yes","moose",577803.248140069,4859844.87342858,TRUE
"742","M0500",2016-07-01 08:57:00,539.4,5,"9A1","yes","moose",570022.131838464,4848070.6675014,TRUE
"743","M0501",2016-07-05 10:41:00,608.2,5,"2B2","yes","moose",504196.410033458,4853959.18286656,TRUE
"744","M0502",2016-07-09 08:19:00,554.8,4,"9A2","yes","moose",568414.035000136,4845580.30794756,TRUE
"745","M0503",2016-07-09 08:29:00,556.5,4,"9A2","yes","moose",568413.95523227,4845588.08240427,TRUE
"746","M0504",2016-07-09 08:49:00,554.1,5,"9A2","yes","moose",568567.150303357,4845565.21939425,TRUE
"747","M0505",2016-07-09 11:16:00,547,5,"9A3","yes","moose",565697.269049461,4847594.53773785,TRUE
"748","M0506",2016-07-09 12:12:00,513.7,5,"9A3","yes","moose",565926.759137043,4847988.89859264,TRUE
"749","M0507",2016-07-09 12:45:00,538.5,5,"9A3","yes","moose",566299.00897384,4847781.54974631,TRUE
"750","M0508",2016-07-09 12:51:00,539.3,5,"9A3","yes","moose",566331.407030484,4847760.76793007,TRUE
"751","M0509",2016-07-09 13:00:00,539.5,5,"9A3","yes","moose",566331.30752517,4847770.76369129,TRUE
"752","M0510",2016-07-09 13:09:00,533,5,"9A3","yes","moose",566355.736121749,4847742.12741,TRUE
"753","M0511",2016-07-09 13:31:00,542.2,5,"9A3","yes","moose",566557.788661536,4847656.39326265,TRUE
"754","M0512",2016-07-09 14:12:00,505.7,6,"9A3","yes","moose",566374.684350468,4847455.74261746,TRUE
"755","M0513",2016-07-09 14:26:00,525.3,5,"9A3","yes","moose",566215.038684699,4847323.08601787,TRUE
"756","M0514",2016-07-12 08:41:00,496.6,5,"12A3","yes","moose",588157.3176073,4958110.03056715,TRUE
"757","M0515",2016-07-12 09:05:00,501.1,5,"12A3","yes","moose",587850.049333214,4958008.05822496,TRUE
"758","M0516",2016-07-12 09:09:00,498.4,5,"12A3","yes","moose",587850.079654389,4958005.83656428,TRUE
"759","M0517",2016-07-12 10:21:00,535.6,5,"12A1","yes","moose",590433.618298049,4954945.12754684,TRUE
"760","M0518",2016-07-12 11:09:00,501.2,5,"12A1","yes","moose",591039.360964287,4954665.89699959,TRUE
"761","M0519",2016-07-12 11:14:00,502.7,5,"12A1","yes","moose",591055.242387517,4954662.78826118,TRUE
"762","M0520",2016-07-13 06:30:00,563.1,5,"5D3","yes","moose",526738.365903196,4835862.49378356,TRUE
"763","M0521",2016-07-13 07:00:00,551.1,5,"5D3","yes","moose",526883.70967189,4835801.99160029,TRUE
"764","M0522",2016-07-13 08:28:00,562.9,5,"5D3","yes","moose",526070.526926624,4835545.54827658,TRUE
"765","M0523",2016-07-13 08:41:00,557,5,"5D3","yes","moose",526062.383312488,4835566.61854434,TRUE
"766","M0524",2016-07-13 08:46:00,557.8,5,"5D3","yes","moose",526062.374657462,4835568.83977425,TRUE
"767","M0525",2016-07-13 08:55:00,577.1,4,"5D3","yes","moose",526102.066009233,4835726.70429503,TRUE
"768","M0526",2016-07-13 11:33:00,553.3,4,"5D1","yes","moose",524324.14882047,4834729.32103894,TRUE
"769","M0527",2016-07-13 11:45:00,557.4,5,"5D1","yes","moose",524381.058902357,4834599.58470831,TRUE
"770","M0528",2016-07-16 09:58:00,492.3,5,"10B4","yes","moose",579168.667404521,4863908.86133339,TRUE
"771","M0529",2016-07-16 10:08:00,478.1,5,"10B4","yes","moose",579176.33694338,4863938.94528122,TRUE
"772","M0530",2016-07-16 10:12:00,477.8,4,"10B4","yes","moose",579176.376736864,4863935.61327224,TRUE
"773","M0531",2016-07-16 10:22:00,477.9,5,"10B4","yes","moose",579224.54261993,4863936.18868211,TRUE
"774","M0532",2016-07-16 10:28:00,490.1,5,"10B4","yes","moose",579216.528243945,4863934.9820865,TRUE
"775","M0533",2016-07-16 10:44:00,494.3,5,"10B4","yes","moose",579135.761220115,4863975.11814007,TRUE
"776","M0534",2016-07-16 10:52:00,482.3,5,"10B4","yes","moose",579095.464213157,4863987.96717873,TRUE
"777","M0535",2016-07-16 11:22:00,471,4,"10B4","yes","moose",579007.716731312,4863940.2661118,TRUE
"778","M0536",2016-07-16 11:47:00,469.9,6,"10B4","yes","moose",579008.656499476,4863861.40857196,TRUE
"779","M0537",2016-07-16 11:56:00,488.6,6,"10B4","yes","moose",579033.640025288,4863786.17009795,TRUE
"780","M0538",2016-07-16 12:29:00,494.5,5,"10B4","yes","moose",579020.456803219,4863544.96351184,TRUE
"781","M0539",2016-07-21 08:22:00,485.4,5,"5B1","yes","moose",546085.771629034,4828797.38447734,TRUE
"782","M0540",2016-07-25 07:09:00,465.3,4,"7A2","yes","moose",549855.69515132,4939657.62355184,TRUE
"783","M0541",2016-07-25 07:28:00,474,4,"7A2","yes","moose",549792.565283908,4939611.59228016,TRUE
"784","M0542",2016-07-25 07:41:00,472.4,5,"7A2","yes","moose",549524.234237248,4939418.46565326,TRUE
"785","M0543",2016-07-25 08:22:00,454.9,5,"7A2","yes","moose",549277.816913855,4939472.12847646,TRUE
"786","M0544",2016-07-31 07:45:00,508.3,5,"12A3","yes","moose",588164.652300199,4958152.3505093,TRUE
"787","M0545",2016-07-31 07:54:00,498.4,5,"12A3","yes","moose",588172.702083115,4958142.46142463,TRUE
"788","M0546",2016-07-31 08:12:00,486.9,6,"12A3","yes","moose",588056.851123037,4957933.11130263,TRUE
"789","M0547",2016-08-01 08:09:00,659.6,5,"12A2","yes","moose",586461.830339383,4951164.23812872,TRUE
"790","M0548",2016-08-01 08:15:00,659.9,5,"12A2","yes","moose",586469.73683745,4951165.45512686,TRUE
"791","M0549",2016-08-01 08:23:00,662,5,"12A2","yes","moose",586477.896490046,4951147.7882168,TRUE
"792","M0550",2016-08-01 08:28:00,659.1,5,"12A2","yes","moose",586470.079312701,4951139.9062969,TRUE
"793","M0551",2016-08-01 08:36:00,656.5,5,"12A2","yes","moose",586533.659274871,4951125.20462125,TRUE
"794","M0552",2016-08-01 08:41:00,656.5,5,"12A2","yes","moose",586541.625419653,4951121.9784323,TRUE
"795","M0553",2016-08-01 08:56:00,669,5,"12A2","yes","moose",586605.518917824,4951083.9502669,TRUE
"796","M0554",2016-08-01 09:01:00,656,5,"12A2","yes","moose",586597.612340369,4951082.73310352,TRUE
"797","M0555",2016-08-01 09:13:00,653,5,"12A2","yes","moose",586535.045063462,4951021.89849501,TRUE
"798","M0556",2016-08-01 09:18:00,655.1,5,"12A2","yes","moose",586527.138398569,4951020.68141933,TRUE
"799","M0557",2016-08-01 09:23:00,653.9,5,"12A2","yes","moose",586519.18703665,4951022.79680879,TRUE
"800","M0558",2016-08-01 09:27:00,651.3,5,"12A2","yes","moose",586511.399544205,4951012.69320484,TRUE
"801","M0559",2016-08-01 10:35:00,621.3,4,"12A2","yes","moose",585650.618494299,4951396.72827125,TRUE
"802","M0560",2016-08-03 08:13:00,599.2,5,"6B3","yes","moose",540260.936547849,4875041.00675739,TRUE
"803","M0561",2016-08-04 07:33:00,517.2,5,"10B5","yes","moose",581586.465461046,4864471.37706672,TRUE
"804","M0562",2016-08-04 08:30:00,523.3,5,"10B5","yes","moose",581344.6976946,4865200.44848861,TRUE
"805","M0563",2016-08-04 10:18:00,508.6,5,"10B4","yes","moose",579331.214466135,4863744.180108,TRUE
"806","M0564",2016-08-15 08:47:00,568.4,5,"12B1","yes","moose",584808.170824776,4944961.76441682,TRUE
"807","M0565",2016-08-15 10:01:00,638.1,5,"12B1","yes","moose",585179.859335737,4945642.14130924,TRUE
"808","M0566",2016-08-22 13:03:00,553.9,5,"12A1","yes","moose",590425.467636167,4954961.67881152,TRUE
"809","M0567",2016-08-23 08:20:00,667.5,5,"12A2","yes","moose",586582.156996195,4951053.6391607,TRUE
"810","M0568",2016-08-23 08:36:00,669.7,5,"12A2","yes","moose",586590.093432826,4951052.6346675,TRUE
"811","M0569",2016-08-23 08:38:00,670.3,5,"12A2","yes","moose",586590.16798505,4951047.08057488,TRUE
"812","M0570",2016-08-23 08:41:00,668.5,6,"12A2","yes","moose",586590.302178888,4951037.08320829,TRUE
"813","M0571",2016-08-23 08:46:00,669.5,5,"12A2","yes","moose",586590.346910119,4951033.75075279,TRUE
"814","M0572",2016-08-23 08:54:00,670.1,5,"12A2","yes","moose",586590.376730927,4951031.5291158,TRUE
"815","M0573",2016-08-23 08:59:00,657.8,6,"12A2","yes","moose",586566.790946048,4951017.88034727,TRUE
"816","M0574",2016-08-23 09:07:00,666.6,6,"12A2","yes","moose",586464.286970435,4950980.95306667,TRUE
"817","M0575",2016-08-23 09:11:00,667.1,6,"12A2","yes","moose",586472.283032945,4950975.50515403,TRUE
"818","M0576",2016-08-23 09:28:00,617.5,5,"12A2","yes","moose",586236.163846173,4950857.90972262,TRUE
"819","M0577",2016-08-23 10:04:00,582.4,5,"12A2","yes","moose",585651.665758767,4951317.86012118,TRUE
"820","M0578",2016-08-26 09:11:00,482,5,"12B4","yes","moose",587745.010683389,4943017.81291777,TRUE
"821","M0579",2016-08-26 09:23:00,476.2,5,"12B4","yes","moose",587760.044436408,4943079.12243489,TRUE
"822","M1000",2016-06-30 10:37:00,506.5,2.75,"","yes","moose",512854.844611857,4803306.64488257,TRUE
"823","M1001",2016-07-03 12:40:00,611.3,2.75,"","yes","moose",501857.703971312,4851551.35174259,TRUE
"825","M1003",2016-07-08 10:01:00,482.4,2.75,"7B3","yes","moose",535247.530380014,4932224.61492558,TRUE
"826","M1004",2016-07-08 12:32:00,450.8,3.5,"7A1","yes","moose",548264.905464093,4942280.53226558,TRUE
"827","M1005",2016-07-08 12:40:00,463.2,3.25,"7A1","yes","moose",548264.880598883,4942283.86467257,TRUE
"828","M1006",2016-07-08 12:54:00,439.3,3.5,"7A1","yes","moose",548232.996085584,4942304.73325862,TRUE
"829","M1007",2016-07-08 13:00:00,432.2,3,"7A1","yes","moose",548288.360835774,4942326.25275876,TRUE
"830","M1008",2016-07-08 13:05:00,436.6,3.75,"7A1","yes","moose",548311.948616824,4942354.20050326,TRUE
"831","M1009",2016-07-08 13:20:00,431.1,3,"7A1","yes","moose",548445.148454799,4942574.0371536,TRUE
"832","M1010",2016-07-08 13:28:00,420.3,3.25,"7A1","yes","moose",548492.695393841,4942579.94779036,TRUE
"833","M1011",2016-07-08 13:48:00,419.2,3,"7A1","yes","moose",548412.840703705,4942651.55580341,TRUE
"834","M1012",2016-07-08 13:57:00,422.4,3,"7A1","yes","moose",548396.869977468,4942665.87752368,TRUE
"835","M1013",2016-07-08 14:03:00,410.1,3.5,"7A1","yes","moose",548396.736984126,4942683.65037194,TRUE
"836","M1014",2016-07-08 14:18:00,414.6,2.25,"7A1","yes","moose",548325.546223184,4942657.56815057,TRUE
"837","M1015",2016-07-08 14:24:00,420.8,2.75,"7A1","yes","moose",548293.671618553,4942677.32563431,TRUE
"838","M1016",2016-07-08 14:39:00,402.4,2.75,"7A1","yes","moose",547920.488908047,4942730.09304377,TRUE
"839","M1017",2016-07-09 08:36:00,522.8,3.25,"12B2","yes","moose",584477.307909533,4943578.68461045,TRUE
"840","M1018",2016-07-09 08:47:00,524.8,4.5,"12B2","yes","moose",584494.228840507,4943497.80303868,TRUE
"841","M1019",2016-07-09 08:58:00,536,3.25,"12B2","yes","moose",584431.261356281,4943460.31771007,TRUE
"842","M1020",2016-07-09 09:22:00,526.6,3,"12B2","yes","moose",584343.921027409,4943466.95484309,TRUE
"843","M1021",2016-07-09 09:53:00,544.4,3.75,"12B2","yes","moose",584075.414792069,4943375.68963442,TRUE
"844","M1022",2016-07-09 12:41:00,576.3,3.25,"12B2","yes","moose",583859.067990872,4944155.019367,TRUE
"845","M1023",2016-07-09 13:10:00,559.1,3.25,"12B2","yes","moose",583955.165002271,4944084.0519972,TRUE
"846","M1024",2016-07-09 14:00:00,530.4,2.75,"12B2","yes","moose",584457.673964518,4943867.28696841,TRUE
"847","M1025",2016-07-10 10:26:00,586.8,2.75,"12B3","yes","moose",582321.563020778,4945309.57254915,TRUE
"848","M1026",2016-07-10 11:29:00,590.2,2.5,"12B3","yes","moose",582635.876570128,4945534.67113332,TRUE
"849","M1027",2016-07-11 09:18:00,420.7,2.25,"7A3","yes","moose",546423.312565585,4939146.65666611,TRUE
"850","M1028",2016-07-11 10:59:00,403.7,2.5,"7A3","yes","moose",545888.917369772,4938405.24147331,TRUE
"851","M1029",2016-07-12 12:01:00,439,2.75,"3A3","yes","moose",508251.997426701,4902120.30187402,TRUE
"852","M1030",2016-07-27 06:40:00,433.2,2.25,"7A1","yes","moose",548288.559856509,4942299.59350153,TRUE
"853","M1031",2016-07-27 06:49:00,438.2,2,"7A1","yes","moose",548304.390205859,4942304.15515703,TRUE
"854","M1032",2016-07-27 10:28:00,426.4,2.25,"7A3","yes","moose",546248.483109286,4939179.84197871,TRUE
"855","M1033",2016-07-27 10:36:00,432,2.5,"7A3","yes","moose",546248.459306148,4939183.17436937,TRUE
"856","M1034",2016-07-27 12:03:00,416.8,2.75,"7A3","yes","moose",546314.176407437,4938871.49429822,TRUE
"857","M1035",2016-07-27 12:37:00,407,3.25,"7A3","yes","moose",545864.439145116,4938499.49043618,TRUE
"858","M1036",2016-07-28 08:33:00,570.4,2.75,"12B2","yes","moose",583699.081828242,4943647.44451824,TRUE
"859","M1037",2016-07-28 08:47:00,571.5,3,"12B2","yes","moose",583690.547393779,4943693.99571156,TRUE
"860","M1038",2016-07-28 10:15:00,544.3,2.75,"12B2","yes","moose",584226.030783154,4943992.02958862,TRUE
"861","M1039",2016-07-28 14:07:00,598.7,2.5,"12B3","yes","moose",582620.133716126,4945525.58191,TRUE
"862","M1040",2016-07-31 13:03:00,470.2,3.5,"3A3","yes","moose",508028.258624235,4902348.83483802,TRUE
"863","M1041",2016-07-31 13:16:00,478.3,3.75,"3A3","yes","moose",508044.282128006,4902297.76077065,TRUE
"864","M1042",2016-07-31 13:30:00,471.9,2.25,"3A3","yes","moose",508243.930099166,4902189.15716131,TRUE
"865","M1043",2016-07-31 13:38:00,469,2.5,"3A3","yes","moose",508275.879048876,4902168.09352169,TRUE
"866","M1044",2016-07-31 13:56:00,467.3,2.5,"3A3","yes","moose",508379.764643137,4902060.48450079,TRUE
"867","M1045",2016-07-31 14:13:00,471.1,2.75,"3A3","yes","moose",508347.898349392,4902016.01449953,TRUE
"868","M1046",2016-08-18 10:46:00,418.9,3,"7A3","yes","moose",546172.69951899,4938678.30643418,TRUE
"869","M1047",2016-08-18 11:00:00,420.1,2.5,"7A3","yes","moose",546062.493641192,4938550.88445073,TRUE
"870","M1048",2016-08-19 08:39:00,541.5,3,"12B2","yes","moose",584099.091942163,4943384.88547012,TRUE
"871","M1049",2016-08-19 09:34:00,561.6,3,"12B2","yes","moose",583653.92706568,4943459.1025773,TRUE
"872","M1050",2016-08-19 09:57:00,574.1,2.75,"12B2","yes","moose",583722.010537881,4943714.40089386,TRUE
"873","M1051",2016-08-19 10:44:00,593.5,3.25,"12B2","yes","moose",583771.694623094,4944164.99652342,TRUE
"874","M1052",2016-08-19 14:32:00,617.5,3.75,"12B3","yes","moose",582408.620781779,4945322.90298971,TRUE
"875","M1053",2016-08-19 14:51:00,596.9,4.25,"12B3","yes","moose",582463.283928711,4945389.14866371,TRUE
"876","M1054",2016-08-22 11:49:00,470.4,2,"3A3","yes","moose",507605.373469113,4902283.90763784,TRUE
"877","M1055",2016-08-22 12:12:00,463.6,2,"3A3","yes","moose",507684.943433371,4902483.93248062,TRUE
"878","M1056",2016-08-22 12:35:00,466.5,3.25,"3A3","yes","moose",507860.520082947,4902474.14424642,TRUE
"879","M1057",2016-08-22 12:59:00,497.5,2.75,"3A3","yes","moose",508060.24573938,4902295.55892939,TRUE
"880","M1058",2016-08-22 13:10:00,489.8,3,"3A3","yes","moose",508108.177887224,4902255.6316959,TRUE
"881","M1059",2016-08-22 13:27:00,480.3,2.5,"3A3","yes","moose",508347.800679381,4902092.6549424,TRUE
"882","M1060",2016-08-22 14:17:00,474.1,2.25,"3A3","yes","moose",507789.621299633,4901697.65739952,TRUE
"883","M1061",2016-08-24 10:11:00,570.1,3,"5D1","yes","moose",524405.311289511,4834581.90308181,TRUE
"884","M1062",2016-08-24 11:04:00,547,2.25,"5D1","yes","moose",524018.903191185,4834415.0213014,TRUE
"885","M1063",2016-08-24 13:16:00,588.2,3,"5D3","yes","moose",526722.217252156,4835869.09304127,TRUE
